2024-01-01,295.02,301.9,295.02,299.33,345186
2023-12-29,296.0,298.2,292.57,294.91,349754
2023-12-28,291.95,301.9,289.5,293.45,857017
2023-12-27,289.48,290.98,283.76,289.87,564578
2023-12-26,292.0,295.0,285.0,285.32,529964
2023-12-22,297.88,299.5,292.0,292.86,320583
2023-12-21,302.0,303.0,291.76,296.69,754517
2023-12-20,308.89,308.95,293.53,300.21,1789142
2023-12-19,315.51,316.8,305.01,307.14,1023747
2023-12-18,322.2,324.99,316.01,316.83,600823
2023-12-15,320.0,324.98,318.05,323.69,814544
2023-12-14,319.0,323.8,314.9,321.29,877987
2023-12-13,324.89,327.0,310.0,320.71,1839954
2023-12-12,322.99,329.5,321.0,325.1,1567036
2023-12-11,314.9,323.8,309.0,320.79,2260292
2023-12-08,312.5,315.75,312.0,314.92,891132
2023-12-07,313.01,316.85,310.05,311.39,1041236
2023-12-06,309.0,313.55,309.0,312.35,783107
2023-12-05,309.75,313.5,304.5,307.97,693314
2023-12-04,305.03,316.89,305.03,308.69,1732592
2023-12-01,293.0,305.0,292.2,303.65,1304389
2023-11-30,300.0,302.14,290.1,292.0,1429049
2023-11-29,297.01,302.88,297.0,298.89,1053268
2023-11-28,296.0,299.25,295.5,296.8,1012861
2023-11-27,296.0,296.9,293.66,295.06,227718
2023-11-24,292.67,298.0,291.6,294.84,578090
2023-11-23,291.87,296.75,291.87,292.67,325609
2023-11-22,286.95,294.3,286.95,293.51,760312
2023-11-21,287.0,291.25,286.0,286.63,343079
2023-11-20,290.01,291.9,286.06,287.19,363862
2023-11-17,294.5,294.5,290.0,290.55,567579
2023-11-16,294.0,297.5,292.8,293.55,846310
2023-11-15,291.6,294.73,287.5,293.01,384577
2023-11-14,292.9,294.75,289.0,291.62,405891
2023-11-13,289.0,299.0,289.0,292.64,758563
2023-11-10,283.01,293.0,283.01,288.85,1040537
2023-11-08,276.2,285.0,276.2,283.65,1736205
2023-11-07,281.99,283.45,276.66,277.94,773899
2023-11-06,274.98,279.9,272.0,279.38,622860
2023-11-03,276.55,280.0,270.0,273.84,530933
2023-11-02,276.43,283.74,275.0,276.62,679465
2023-11-01,283.0,284.9,276.5,277.35,478311
2023-10-31,272.7,291.0,271.1,281.26,1770965
2023-10-30,271.99,274.9,270.29,272.38,477113
2023-10-27,269.11,271.1,269.0,270.08,231039
2023-10-26,269.0,271.75,269.0,269.85,250897
2023-10-25,271.11,275.0,268.15,268.85,329702
2023-10-24,272.0,274.48,270.11,272.88,631364
2023-10-23,279.85,285.5,274.5,277.02,1089800
2023-10-20,277.0,283.9,276.11,279.62,675117
2023-10-19,265.0,282.5,265.0,279.19,1447460
2023-10-18,265.0,268.0,264.32,266.13,206136
2023-10-17,268.0,272.5,266.2,266.9,1869166
2023-10-16,268.5,269.64,266.5,267.21,1319468
2023-10-13,266.1,275.0,264.0,269.41,999108
2023-10-12,262.2,268.2,260.21,266.26,1129933
2023-10-11,256.0,264.19,256.0,261.61,1030564
2023-10-10,254.9,256.89,254.2,256.56,498775
2023-10-09,253.95,254.75,252.0,254.21,333677
2023-10-06,252.9,254.5,252.4,254.26,334521
2023-10-05,251.79,253.6,250.66,252.38,694417
2023-10-04,253.01,254.65,250.11,251.83,904841
2023-10-03,248.0,255.0,248.0,253.22,761045
2023-10-02,243.0,249.6,243.0,247.69,959073
2023-09-28,241.7,242.0,238.05,240.14,509554
2023-09-27,242.49,242.49,239.24,240.25,303109
2023-09-26,244.0,244.99,241.0,241.2,167518
2023-09-25,245.02,245.99,242.75,243.02,196080
2023-09-22,246.75,246.9,240.5,244.52,294609
2023-09-21,247.98,247.98,245.5,246.2,171185
2023-09-20,246.49,247.05,245.25,245.65,114337
2023-09-19,246.9,247.1,246.01,246.49,83650
2023-09-18,247.0,247.93,244.8,245.85,267197
2023-09-15,247.89,249.5,246.31,247.08,369702
2023-09-14,246.71,248.15,246.7,247.01,58820
2023-09-13,248.65,248.74,245.0,247.07,62328
2023-09-12,248.05,251.0,247.8,248.06,100529
2023-09-11,253.0,255.0,248.8,249.12,271621
2023-09-08,255.75,260.0,253.01,253.62,630125
2023-09-07,252.98,256.0,252.1,255.49,339404
2023-09-06,254.0,254.74,251.75,253.99,208044
2023-09-05,253.95,254.49,251.05,254.09,181730
2023-09-04,246.99,254.94,246.99,253.22,757480
2023-09-01,247.88,249.89,245.53,246.14,221005
2023-08-31,253.0,255.0,236.52,246.15,668519
2023-08-30,255.0,258.4,252.8,253.29,958579
2023-08-29,255.8,258.0,252.0,255.06,412431
2023-08-28,258.0,258.11,255.52,257.76,665925
2023-08-25,254.75,258.48,253.18,257.66,983902
2023-08-24,254.0,259.0,254.0,255.18,884113
2023-08-23,253.97,254.0,251.46,252.89,209287
2023-08-22,252.99,254.5,252.1,252.96,160829
2023-08-21,256.53,256.9,252.7,253.9,361558
2023-08-18,258.95,260.0,256.0,256.6,451113
2023-08-17,252.25,266.0,252.25,257.48,2861091
2023-08-16,273.98,273.98,267.01,269.07,610456
2023-08-15,272.5,275.0,271.0,272.82,1077568
2023-08-11,267.45,272.4,264.19,271.05,2209686
2023-08-10,265.01,268.89,264.5,265.57,883914
2023-08-09,263.11,267.5,262.0,264.92,456664
2023-08-08,260.0,266.0,259.6,263.1,909115
2023-08-07,259.9,261.2,256.2,258.97,528668
2023-08-04,263.1,264.5,259.11,259.66,755409
2023-08-03,265.9,267.74,262.61,264.07,980915
2023-08-02,258.0,269.85,258.0,264.69,1944189
2023-08-01,254.79,261.47,254.25,258.44,1325336
2023-07-31,254.97,256.95,253.5,253.92,707439
2023-07-27,256.64,257.9,253.95,254.13,827598
2023-07-26,259.01,259.01,256.09,256.64,251652
2023-07-25,257.5,258.8,256.0,257.63,388468
2023-07-24,257.5,259.0,256.28,256.63,413657
2023-07-21,258.5,260.49,257.0,257.44,470248
2023-07-20,255.3,261.2,254.0,258.7,547952
2023-07-19,258.0,258.0,253.75,254.1,465528
2023-07-18,258.01,259.6,255.8,256.38,361372
2023-07-17,261.0,261.89,257.5,257.96,482631
2023-07-14,263.04,265.1,260.55,261.24,486507
2023-07-13,268.9,270.0,264.01,264.64,628557
2023-07-12,269.01,269.45,265.39,266.96,744300
2023-07-11,269.0,270.95,266.5,267.43,559167
2023-07-10,271.0,273.9,268.0,268.86,436660
2023-07-07,274.49,275.88,270.55,271.04,548904
2023-07-06,265.8,275.0,264.99,273.33,2355328
2023-07-05,269.99,270.5,264.0,264.6,382369
2023-07-04,275.99,275.99,267.0,267.84,535836
2023-07-03,279.38,279.38,269.0,275.78,927487
2023-06-27,264.98,264.98,259.0,259.89,268626
2023-06-26,256.0,268.0,256.0,263.78,468268
2023-06-23,255.7,258.1,254.4,255.25,125104
2023-06-22,259.99,259.99,255.05,255.85,109143
2023-06-21,263.0,263.0,258.0,258.42,152451
2023-06-20,260.1,262.68,260.0,261.06,357803
2023-06-19,268.89,268.99,260.0,260.8,710052
2023-06-16,270.6,270.6,266.0,266.45,292616
2023-06-15,270.5,271.0,267.7,268.33,176753
2023-06-14,267.0,271.2,267.0,270.4,323172
2023-06-13,273.25,273.5,268.0,268.76,215038
2023-06-12,272.1,275.0,271.1,271.8,149442
2023-06-09,274.7,275.87,271.01,273.26,266124
2023-06-08,275.55,278.88,272.5,272.96,315136
2023-06-07,276.55,278.9,275.2,275.85,209752
2023-06-06,272.8,279.9,272.1,277.98,481397
2023-06-05,272.52,275.0,271.25,272.88,165913
2023-06-02,283.25,283.25,274.01,274.46,580266
2023-06-01,283.98,283.98,281.0,281.21,50143
2023-05-31,282.0,284.5,281.5,282.89,527696
2023-05-30,280.01,283.65,280.01,282.17,330322
2023-05-29,279.0,286.0,277.42,280.81,658136
2023-05-26,273.13,280.08,273.13,277.34,1976285
2023-05-25,273.0,274.0,271.25,273.33,552665
2023-05-24,274.0,274.1,272.0,272.49,160692
2023-05-23,271.79,276.0,270.6,273.43,682835
2023-05-22,270.89,273.0,270.0,271.89,325714
2023-05-19,269.9,270.89,268.0,270.48,152754
2023-05-18,275.6,275.6,268.0,268.56,199082
2023-05-17,273.7,278.42,273.5,273.89,743418
2023-05-16,271.5,275.5,271.0,273.13,832473
2023-05-15,265.86,271.5,263.01,270.36,586473
2023-05-12,264.98,268.0,264.0,264.89,296761
2023-05-11,262.99,264.99,261.54,264.02,165501
2023-05-10,261.52,264.74,261.0,261.54,100092
2023-05-09,267.5,267.5,262.0,263.14,267716
2023-05-08,270.9,270.9,266.7,267.14,245591
2023-05-05,267.25,271.0,265.06,270.08,355874
2023-05-04,272.0,273.75,266.99,267.12,499718
2023-05-03,273.0,273.0,270.0,272.1,376823
2023-05-02,271.5,277.0,267.33,271.53,820629
2023-04-28,307.0,310.49,305.11,307.33,1526632
2023-04-27,306.0,308.5,303.52,306.47,748301
2023-04-26,314.9,315.8,304.51,305.4,1359710
2023-04-20,300.0,314.6,298.1,309.61,5244073
2023-04-19,287.0,293.89,285.49,292.66,4278855
2023-04-18,278.15,287.5,273.02,285.15,1005904
2023-04-17,273.0,279.0,270.9,275.79,1820787
2023-04-13,273.0,274.01,270.6,271.13,88447
2023-04-12,275.75,275.75,271.5,271.9,106528
2023-04-11,275.0,276.0,272.0,272.41,46844
2023-04-10,276.0,276.0,273.25,273.98,57081
2023-04-07,279.0,279.2,273.0,273.94,110822
2023-04-06,273.2,279.0,271.5,278.24,269441
2023-04-05,273.0,273.1,270.13,271.01,63513
2023-04-04,277.99,278.0,270.0,272.15,257312
2023-04-03,280.0,280.0,271.05,274.73,246609
2023-03-31,281.99,281.99,275.5,276.78,2024645
2023-03-30,280.02,282.49,279.03,279.99,5429492
2023-03-29,282.0,283.79,279.17,280.01,107502
2023-03-28,282.99,284.0,281.35,282.15,144428
2023-03-27,284.25,284.95,281.0,282.29,51501
2023-03-24,283.98,284.32,279.0,284.02,284841
2023-03-22,286.49,288.8,282.95,283.98,188312
2023-03-21,287.0,287.5,284.0,286.57,294796
2023-03-20,293.0,293.0,284.99,286.85,2458246
2023-03-17,294.9,294.9,291.02,292.15,1037787
2023-03-16,296.95,296.95,292.51,293.19,426059
2023-03-15,298.5,298.5,294.51,294.99,3624039
2023-03-14,298.99,298.99,297.5,298.09,5990723
2023-03-13,298.51,299.38,297.4,298.3,8030821
2023-03-10,299.6,299.94,298.5,298.51,1255969
2023-03-09,300.0,300.0,299.05,299.59,476593
2023-03-08,300.5,300.5,299.0,299.69,1109791
2023-03-07,300.0,300.89,299.3,299.93,1733572
2023-03-06,301.43,301.89,299.01,300.09,338169
2023-03-03,304.48,305.98,300.5,301.43,948551
2023-03-02,300.44,304.9,299.5,304.48,3611311
2023-03-01,300.0,300.49,297.11,299.37,2570020
2023-02-28,297.2,301.0,297.2,300.13,1515599
2023-02-27,297.51,298.74,297.5,298.51,338880
2023-02-24,299.5,299.5,297.0,299.0,1365940
2023-02-23,298.48,299.24,297.0,298.62,751082
2023-02-22,299.94,300.0,297.6,299.42,374890
2023-02-21,301.5,301.5,299.01,299.94,711588
2023-02-20,301.49,301.9,299.75,300.01,2095992
2023-02-17,299.99,304.78,300.0,301.08,2956097
2023-02-16,294.9,301.0,293.8,300.02,4766028
2023-02-15,296.01,299.74,294.9,298.32,719230
2023-02-14,300.0,301.9,296.0,297.7,1295046
2023-02-13,295.3,299.5,294.29,298.31,1115107
2023-02-10,295.02,298.0,290.55,294.03,1562145
2023-02-09,297.95,302.75,297.5,298.37,823183
2023-02-08,295.96,298.0,292.1,296.75,724298
2023-02-07,299.99,301.49,294.5,295.96,648750
2023-02-06,301.95,302.5,296.25,299.28,767179
2023-02-03,308.0,308.8,298.1,300.14,1863597
2023-02-02,298.0,307.15,295.15,305.72,3925013
2023-02-01,300.0,302.95,296.0,297.42,1517467
2023-01-31,286.0,299.9,286.0,298.16,3039370
2023-01-30,288.9,293.49,284.4,285.29,1378169
2023-01-27,296.7,296.73,288.66,289.63,1226246
2023-01-26,288.26,299.5,286.0,296.73,3213854
2023-01-25,275.0,289.48,275.0,286.15,2632053
2023-01-24,265.0,274.0,264.99,273.12,1494429
2023-01-23,266.45,266.45,262.25,264.23,270369
2023-01-20,266.2,268.5,263.0,265.88,267729
2023-01-19,271.5,271.5,266.5,267.34,450886
2023-01-18,267.5,270.9,265.5,269.56,523941
2023-01-17,273.25,275.99,260.56,264.8,1511737
2023-01-16,278.0,278.5,273.0,274.05,357099
2023-01-13,278.99,279.82,276.01,278.17,165391
2023-01-12,282.01,284.0,279.0,279.48,542972
2023-01-11,284.7,285.0,279.2,281.6,361431
2023-01-10,282.0,286.8,282.0,283.04,924757
2023-01-09,284.0,285.0,279.23,280.24,555598
2023-01-06,279.4,287.98,276.98,284.68,1293271
2023-01-05,272.49,279.5,272.49,277.5,948010
2023-01-04,271.0,274.99,269.0,270.31,572134
2023-01-03,271.5,272.0,263.11,269.36,741967
2023-01-02,262.99,274.99,262.99,270.07,991032
2022-12-30,259.01,264.0,259.01,262.01,296703
2022-12-29,257.01,261.98,256.18,260.79,342240
2022-12-28,263.0,263.0,253.5,256.18,567995
2022-12-27,265.45,265.45,260.25,261.26,164502
2022-12-26,259.0,265.4,259.0,264.69,327545
2022-12-23,262.0,263.0,257.5,259.19,378583
2022-12-22,262.0,265.0,260.11,262.88,237219
2022-12-21,264.9,268.0,259.7,260.11,492699
2022-12-20,273.0,273.25,264.0,264.97,771142
2022-12-19,276.01,276.01,272.0,272.52,258067
2022-12-16,277.05,281.0,274.6,275.67,918629
2022-12-15,282.0,289.19,276.0,276.72,3458218
2022-12-14,269.2,271.0,266.31,269.02,1070289
2022-12-13,261.0,270.0,260.5,269.2,1872357
2022-12-12,261.5,262.5,260.35,260.61,159279
2022-12-09,265.34,265.34,261.14,262.01,256008
2022-12-08,264.25,264.25,260.15,262.93,959715
2022-12-07,263.0,264.95,261.05,261.67,449706
2022-12-06,261.1,263.89,260.5,261.36,1228932
2022-12-05,266.7,267.25,260.2,261.78,574394
2022-12-02,265.95,268.1,262.1,265.74,1213353
2022-12-01,263.97,267.9,262.99,264.07,871515
2022-11-30,261.45,264.49,258.76,262.99,457489
2022-11-29,261.1,268.99,257.51,260.42,1044968
2022-11-28,264.5,265.2,258.1,262.46,899671
2022-11-25,266.0,269.89,266.0,268.3,598200
2022-11-24,261.5,266.01,261.01,264.28,578765
2022-11-23,260.38,262.75,259.3,262.06,394475
2022-11-22,254.25,266.5,254.25,260.38,1881312
2022-11-21,255.0,258.95,253.5,254.73,164658
2022-11-18,257.85,261.0,253.16,257.33,452567
2022-11-17,261.0,261.0,254.5,257.55,1087400
2022-11-16,245.4,262.85,244.25,258.91,2917982
2022-11-15,241.95,244.75,240.17,244.52,360108
2022-11-14,243.09,244.8,241.06,241.96,232207
2022-11-11,245.0,246.25,244.0,245.0,535566
2022-11-10,243.0,246.6,243.0,244.94,592315
2022-11-08,240.11,245.0,240.11,244.03,888933
2022-11-07,239.5,242.5,239.5,241.57,74263
2022-11-04,239.94,242.49,237.0,239.76,334020
2022-11-03,240.48,241.0,237.7,239.99,89593
2022-11-02,238.99,242.1,237.7,239.15,251328
2022-11-01,235.5,239.89,235.5,239.15,133131
2022-10-31,235.9,236.4,234.2,235.2,200804
2022-10-28,233.6,236.36,232.0,234.62,464273
2022-10-27,243.06,248.5,243.06,245.54,409007
2022-10-26,248.99,249.0,244.75,245.17,521177
2022-10-25,246.2,249.74,246.0,248.06,495783
2022-10-24,248.2,248.79,246.9,247.15,393552
2022-10-21,244.9,247.0,242.2,246.57,380612
2022-10-20,243.5,244.5,241.51,243.82,208639
2022-10-19,239.0,242.99,237.6,242.21,730216
2022-10-18,235.48,237.48,235.01,235.86,117283
2022-10-17,237.95,238.0,235.51,236.08,170992
2022-10-14,237.95,238.0,236.8,237.43,119409
2022-10-13,237.52,238.0,236.51,237.12,214850
2022-10-12,238.99,239.5,236.9,237.51,145493
2022-10-11,238.01,241.1,237.6,238.69,324271
2022-10-10,240.0,242.0,236.8,237.55,205002
2022-10-07,236.4,242.0,235.0,239.6,680212
2022-10-06,231.3,237.5,231.3,236.41,479157
2022-10-05,233.65,234.0,232.0,232.43,108264
2022-10-04,231.0,233.5,231.0,232.99,230476
2022-10-03,230.4,233.13,230.2,230.84,200273
2022-09-30,231.75,232.3,229.0,231.52,251664
2022-09-29,231.81,232.75,229.02,230.65,181075
2022-09-28,231.51,248.66,231.0,231.81,851630
2022-09-27,234.4,234.4,229.2,231.32,629243
2022-09-26,230.99,234.0,230.0,233.56,473682
2022-09-23,234.5,234.5,229.25,229.91,252800
2022-09-22,233.0,235.0,229.1,234.25,605072
2022-09-21,233.9,234.0,230.0,233.02,450660
2022-09-20,233.4,233.99,231.5,233.17,462108
2022-09-19,231.0,237.7,229.49,233.36,2445476
2022-09-16,229.95,234.49,225.3,229.42,1692960
2022-09-15,231.0,231.9,226.01,227.64,318924
2022-09-14,232.45,232.95,230.0,230.58,255869
2022-09-13,231.75,233.0,230.7,232.14,127847
2022-09-12,231.9,231.9,230.5,230.82,43332
2022-09-09,232.75,232.96,230.0,230.9,356877
2022-09-08,232.48,232.55,230.8,231.13,227190
2022-09-07,232.1,234.49,230.82,230.98,248796
2022-09-06,234.0,235.99,232.1,232.94,309769
2022-09-05,238.99,238.99,232.75,234.04,223663
2022-09-02,239.85,239.97,237.5,237.99,114182
2022-09-01,240.0,240.15,238.0,238.29,192856
2022-08-31,242.39,242.39,237.06,238.36,367789
2022-08-30,243.6,246.0,238.81,239.31,103099
2022-08-29,240.25,243.5,238.75,242.77,132496
2022-08-26,248.39,248.39,240.0,242.85,174938
2022-08-25,249.0,249.25,244.5,245.23,244945
2022-08-24,256.0,260.99,254.75,259.35,536361
2022-08-23,252.0,256.0,252.0,254.78,414783
2022-08-22,252.0,253.0,250.0,250.26,102368
2022-08-19,253.0,253.0,251.21,251.71,218396
2022-08-18,255.79,255.79,251.0,251.86,171873
2022-08-17,254.9,260.0,253.0,253.65,735261
2022-08-16,249.0,254.1,248.0,252.13,447763
2022-08-15,243.05,249.0,243.05,248.05,149052
2022-08-12,242.0,245.99,240.7,243.01,115671
2022-08-11,244.0,245.5,240.0,240.46,191999
2022-08-10,239.01,246.0,239.01,242.23,488208
2022-08-05,238.99,240.0,236.13,238.92,374564
2022-08-04,239.84,241.0,236.8,237.11,291055
2022-08-03,236.0,238.95,236.0,238.03,378803
2022-08-02,230.05,238.47,228.0,235.54,159463
2022-08-01,235.0,238.0,232.0,232.11,151675
2022-07-29,236.9,237.0,234.0,234.62,308897
2022-07-28,239.98,242.7,235.7,236.95,804059
2022-07-27,242.0,243.5,235.0,238.83,305626
2022-07-26,246.9,246.9,240.25,241.54,30890
2022-07-25,245.0,245.0,241.5,242.42,45264
2022-07-22,245.99,246.0,241.05,245.17,127238
2022-07-21,244.0,244.0,241.05,241.57,94112
2022-07-20,244.9,245.99,243.01,243.75,97806
2022-07-19,253.9,254.95,240.51,244.7,303480
2022-07-18,255.89,256.8,251.03,251.97,335429
2022-07-15,257.5,258.89,254.6,256.73,138568
2022-07-14,253.5,258.25,253.5,257.4,261693
2022-07-13,253.0,253.4,250.21,252.79,184167
2022-07-07,253.94,253.94,251.5,251.96,132658
2022-07-06,255.79,257.0,252.0,252.3,117545
2022-07-05,253.02,255.0,253.02,253.68,31100
2022-07-04,256.01,257.0,252.9,254.06,96607
2022-07-01,256.04,258.5,255.51,256.04,174464
2022-06-30,255.76,259.0,254.75,257.09,82278
2022-06-29,258.75,258.75,255.01,255.76,93569
2022-06-28,257.15,259.25,257.0,257.38,117873
2022-06-27,254.95,258.05,254.95,256.98,146727
2022-06-24,263.9,264.34,247.0,253.81,605024
2022-06-23,263.01,265.5,263.01,263.9,468410
2022-06-22,265.49,265.95,262.25,262.85,374290
2022-06-21,263.35,264.93,262.75,264.5,403637
2022-06-20,265.0,266.4,262.0,263.05,397718
2022-06-17,261.94,265.25,260.75,264.27,1928968
2022-06-16,261.7,261.99,260.76,261.3,208213
2022-06-15,261.9,262.24,261.0,261.2,677404
2022-06-14,260.56,263.2,258.9,261.02,152702
2022-06-13,262.05,263.83,260.51,260.84,277526
2022-06-10,261.05,264.11,261.01,263.83,50030
2022-06-09,263.1,263.57,261.0,261.29,130088
2022-06-08,263.0,263.97,260.1,261.31,85305
2022-06-07,264.7,264.95,262.0,262.47,80197
2022-06-06,260.0,264.99,260.0,262.76,75726
2022-06-03,264.2,264.2,261.0,262.13,254767
2022-06-02,267.2,269.0,263.13,264.33,172411
2022-06-01,268.08,270.31,266.0,267.15,694873
2022-05-31,268.0,269.8,264.01,268.08,855313
2022-05-30,269.89,269.89,263.0,266.37,61762
2022-05-27,270.0,271.0,264.0,265.22,379511
2022-05-26,262.0,267.5,262.0,266.6,234186
2022-05-25,266.49,267.0,258.5,265.17,356554
2022-05-24,265.5,267.0,263.03,264.1,221176
2022-05-23,269.0,269.0,264.0,264.21,780808
2022-05-20,270.39,270.39,265.75,267.2,154384
2022-05-19,266.66,270.0,266.41,268.4,88984
2022-05-18,268.5,270.15,266.4,266.51,250778
2022-05-17,268.98,268.98,266.11,267.98,209304
2022-05-16,272.4,272.4,266.0,267.12,276083
2022-05-13,269.98,270.99,267.0,270.01,324283
2022-05-12,272.46,272.46,266.0,268.0,519244
2022-05-11,273.0,273.0,267.11,269.9,397897
2022-05-10,272.49,273.0,270.0,272.31,278870
2022-05-09,275.01,276.4,268.82,269.92,726833
2022-05-06,278.85,278.85,272.25,275.18,133979
2022-04-28,278.0,279.63,273.0,277.75,482627
2022-04-27,278.11,282.0,278.0,278.13,391043
2022-04-26,289.99,296.5,289.51,290.76,729362
2022-04-25,286.04,291.89,283.01,289.58,1095354
2022-04-22,287.2,288.94,284.0,284.69,247484
2022-04-21,294.99,297.0,285.0,286.62,1128309
2022-04-20,296.0,298.4,294.0,294.77,238668
2022-04-19,291.9,297.84,290.5,296.23,1226658
2022-04-18,290.35,294.5,288.55,289.32,553334
2022-04-15,288.6,295.0,288.0,291.58,918177
2022-04-14,280.5,289.99,279.0,287.92,939278
2022-04-13,279.0,281.65,278.0,279.82,349392
2022-04-12,279.62,280.05,277.0,278.96,834773
2022-04-11,276.1,281.45,276.1,279.65,1269732
2022-04-08,270.01,273.0,270.01,272.05,569403
2022-04-07,274.49,277.0,269.5,269.98,303149
2022-04-06,266.0,272.8,265.05,271.89,469688
2022-04-05,265.1,268.78,265.0,265.82,222804
2022-04-04,268.51,268.51,264.0,266.13,186662
2022-04-01,268.75,272.5,265.05,271.05,301284
2022-03-31,264.2,268.15,264.15,267.6,289508
2022-03-30,264.25,265.32,262.91,264.14,210019
2022-03-29,263.05,264.75,262.52,262.85,296020
2022-03-28,266.0,266.0,262.0,262.77,298767
2022-03-25,265.0,265.0,263.0,263.75,167801
2022-03-24,267.0,267.0,262.4,263.99,200162
2022-03-22,261.0,267.01,261.0,265.16,298800
2022-03-21,266.9,266.9,262.0,262.62,291416
2022-03-18,266.0,266.1,262.15,263.02,303206
2022-03-17,269.0,269.0,266.0,266.43,72845
2022-03-16,269.0,269.44,267.0,267.25,75727
2022-03-15,270.45,270.45,267.25,269.03,215961
2022-03-14,266.1,271.0,266.1,268.06,200380
2022-03-11,271.81,271.9,267.03,268.73,270403
2022-03-10,271.81,271.81,268.9,270.09,448214
2022-03-09,264.1,272.0,264.1,269.02,639095
2022-03-08,265.6,269.99,265.1,266.03,354688
2022-03-07,272.01,272.01,265.1,267.24,390623
2022-03-04,269.0,275.0,267.67,272.47,283598
2022-03-03,268.23,270.0,266.5,269.91,181846
2022-03-02,273.67,273.67,267.0,268.28,395480
2022-03-01,275.01,275.25,272.5,273.67,163356
2022-02-28,269.95,274.0,266.5,272.94,360685
2022-02-25,268.5,269.9,265.0,268.25,209657
2022-02-24,270.0,272.0,264.5,265.37,573344
2022-02-23,275.89,275.89,271.0,272.18,347754
2022-02-22,276.0,276.27,270.7,273.49,613646
2022-02-21,276.51,277.7,275.02,276.45,131312
2022-02-18,275.0,276.94,274.0,276.48,317531
2022-02-17,277.0,278.49,273.1,274.97,813770
2022-02-16,284.9,286.99,281.72,285.65,234054
2022-02-15,281.1,284.9,280.51,284.26,176441
2022-02-14,284.0,284.0,278.35,281.4,301294
2022-02-11,287.75,288.18,283.61,284.59,270783
2022-02-10,288.01,290.8,286.01,286.63,560291
2022-02-09,285.55,291.7,285.55,290.38,1077186
2022-02-08,275.51,284.81,274.25,284.1,1057239
2022-02-07,274.65,275.77,274.0,275.43,118573
2022-02-04,275.44,278.37,273.0,273.4,288339
2022-02-03,276.99,278.0,273.26,274.51,144040
2022-02-02,271.71,275.5,271.71,275.0,112031
2022-02-01,272.24,273.6,270.56,273.44,90939
2022-01-31,272.0,272.6,270.52,272.24,116436
2022-01-28,272.9,272.9,270.7,271.1,146537
2022-01-27,271.02,272.7,270.5,271.74,132707
2022-01-26,272.72,272.72,270.01,271.26,213760
2022-01-25,273.5,273.95,270.14,270.52,254174
2022-01-24,272.93,273.9,270.05,273.05,224597
2022-01-21,272.39,272.4,271.01,271.73,166304
2022-01-20,272.66,273.79,270.0,270.82,202166
2022-01-19,275.2,277.4,271.75,272.27,319849
2022-01-18,273.5,275.75,271.4,275.2,514713
2022-01-17,272.92,272.92,271.01,272.24,77057
2022-01-14,271.51,273.1,271.25,272.03,237969
2022-01-13,272.95,273.73,270.4,271.25,162092
2022-01-12,272.0,274.0,271.2,271.96,175780
2022-01-11,274.99,275.0,270.12,272.04,298219
2022-01-10,275.02,277.81,273.51,274.97,223070
2022-01-07,274.8,278.49,272.4,276.35,381895
2022-01-06,275.0,275.0,273.0,273.6,90590
2022-01-05,276.0,276.0,273.6,275.11,72178
2022-01-04,276.38,278.78,274.95,275.31,91029
2022-01-03,272.0,278.0,271.26,276.38,209258
2021-12-31,268.06,274.0,268.06,272.42,252993
2021-12-30,264.4,271.89,264.4,270.97,317848
2021-12-29,265.4,267.5,264.0,265.69,256442
2021-12-28,266.69,270.0,265.0,265.31,471799
2021-12-27,268.9,268.99,267.45,267.69,101100
2021-12-24,269.0,269.2,267.25,268.1,168501
2021-12-23,269.5,269.98,268.0,268.18,96064
2021-12-22,270.45,270.45,267.76,268.5,62231
2021-12-21,271.99,272.5,268.06,268.39,98540
2021-12-20,269.5,273.07,267.4,271.59,245629
2021-12-17,270.0,270.8,266.99,267.31,99532
2021-12-16,271.51,272.99,268.0,268.61,110381
2021-12-15,269.0,275.0,269.0,272.99,214529
2021-12-14,271.0,271.0,266.0,269.34,324369
2021-12-13,271.0,274.0,269.0,270.18,139018
2021-12-10,271.9,271.9,267.0,270.29,121342
2021-12-09,270.0,273.9,268.69,270.12,80687
2021-12-08,274.0,275.0,270.0,270.73,86643
2021-12-07,278.4,280.0,270.1,273.92,565922
2021-12-06,278.0,280.5,275.06,276.47,150377
2021-12-03,273.0,286.0,270.01,278.94,695138
2021-12-02,278.0,280.0,265.31,269.98,646551
2021-12-01,280.0,280.0,276.1,278.81,299154
2021-11-30,282.3,287.8,275.07,278.14,5474044
2021-11-29,276.01,284.1,275.0,283.27,282898
2021-11-26,271.2,282.0,271.2,277.2,448538
2021-11-25,274.1,279.0,272.0,273.9,450962
2021-11-24,284.48,284.48,275.0,275.44,1164475
2021-11-23,286.45,286.45,283.5,284.01,715634
2021-11-22,290.49,290.49,284.0,284.48,142994
2021-11-19,282.45,290.0,281.95,289.53,1566624
2021-11-18,285.5,286.0,280.0,281.44,221642
2021-11-17,284.9,284.9,282.56,284.2,154936
2021-11-16,285.0,285.5,283.21,284.37,103539
2021-11-15,281.0,284.33,278.22,283.61,70089
2021-11-12,284.49,284.49,279.1,280.69,168260
2021-11-11,283.5,286.0,283.0,284.5,276865
2021-11-10,278.1,284.0,278.05,283.18,235435
2021-11-09,281.9,283.0,276.25,277.67,335663
2021-11-08,284.96,284.96,279.5,280.44,221808
2021-11-05,284.49,285.0,282.5,282.96,202505
2021-11-04,283.5,284.0,280.6,283.39,179913
2021-11-03,284.5,284.5,279.0,280.38,496087
2021-11-02,289.94,290.0,286.5,288.47,371360
2021-11-01,283.0,290.0,283.0,287.94,348826
2021-10-29,282.01,285.0,282.0,283.22,118192
2021-10-28,284.99,285.2,282.5,283.02,142563
2021-10-27,285.99,294.38,282.05,284.58,97134
2021-10-26,279.0,285.9,279.0,284.47,131020
2021-10-25,280.51,284.98,279.7,284.16,130129
2021-10-22,294.94,294.94,283.01,284.99,395739
2021-10-21,283.44,296.5,278.55,290.15,999959
2021-10-20,274.0,283.81,274.0,282.09,312751
2021-10-18,270.5,277.9,269.0,275.55,341103
2021-10-15,270.0,274.1,268.0,271.98,907130
2021-10-14,265.26,272.0,265.25,269.41,680215
2021-10-13,271.0,271.0,265.03,266.32,481197
2021-10-12,270.0,271.0,265.0,269.54,286749
2021-10-11,272.89,273.0,268.0,269.48,498042
2021-10-08,274.77,278.9,274.77,276.17,157297
2021-10-07,278.48,280.0,275.25,275.81,122238
2021-10-06,280.0,281.0,276.5,277.31,188705
2021-10-05,283.4,283.4,278.7,279.45,153664
2021-10-04,280.0,282.97,278.0,282.32,329797
2021-10-01,281.94,288.99,278.26,280.18,386754
2021-09-30,277.44,281.0,273.9,279.75,551114
2021-09-29,281.24,282.0,273.86,277.44,648231
2021-09-28,278.5,282.49,277.5,280.33,267999
2021-09-27,275.51,280.0,275.51,277.59,78481
2021-09-24,275.0,280.0,272.11,277.5,320385
2021-09-23,280.5,281.3,273.0,275.76,459353
2021-09-22,278.89,279.0,274.85,278.1,667557
2021-09-21,280.0,282.5,278.2,278.89,421662
2021-09-20,282.75,283.89,275.1,280.95,177230
2021-09-17,286.6,289.0,280.99,282.74,270961
2021-09-16,285.0,288.99,285.0,286.6,169320
2021-09-15,286.49,286.49,284.01,285.85,84457
2021-09-14,286.0,287.0,282.0,284.5,294893
2021-09-13,286.1,286.1,284.5,285.5,182368
2021-09-10,286.7,287.5,284.5,285.78,207841
2021-09-09,286.4,286.4,282.8,286.0,215610
2021-09-08,290.0,290.0,281.99,282.83,404231
2021-09-07,291.0,291.94,288.5,289.65,103951
2021-09-06,291.38,293.45,288.0,289.89,121212
2021-09-03,293.5,293.5,291.9,292.56,60783
2021-09-02,296.85,296.9,292.0,292.44,111690
2021-09-01,294.5,297.98,294.0,295.06,520295
2021-08-31,294.9,294.9,293.7,293.98,313446
2021-08-30,291.55,295.1,289.9,294.71,204336
2021-08-27,294.0,295.75,290.0,290.6,419839
2021-08-26,296.0,298.0,293.5,294.61,788960
2021-08-25,298.0,298.35,295.0,295.5,329582
2021-08-24,302.0,302.0,295.55,295.98,523742
2021-08-23,298.9,304.9,298.0,302.7,281150
2021-08-20,297.5,301.0,296.88,297.23,293303
2021-08-17,298.97,299.98,296.1,297.13,221350
2021-08-16,296.08,298.0,293.12,296.81,131067
2021-08-13,297.92,297.93,295.01,296.08,46506
2021-08-12,296.05,299.25,296.05,297.16,129319
2021-08-11,300.0,301.25,295.52,296.53,544627
2021-08-10,292.98,293.66,291.0,293.0,170215
2021-08-09,294.5,295.15,290.0,290.93,226172
2021-08-06,295.0,295.9,293.95,294.16,122041
2021-08-05,294.95,296.49,293.47,294.29,276197
2021-08-04,295.49,298.2,293.22,293.97,377091
2021-08-03,297.0,297.25,294.51,294.74,252567
2021-08-02,296.0,296.5,294.02,296.12,247308
2021-07-30,296.5,300.25,293.09,294.9,409432
2021-07-29,297.0,298.0,294.25,295.78,137554
2021-07-28,300.0,300.0,295.05,296.25,172826
2021-07-27,297.5,298.01,296.0,297.17,335817
2021-07-26,294.95,298.99,293.01,297.63,499381
2021-07-23,296.45,296.95,292.5,292.85,291064
2021-07-19,295.22,297.5,294.4,294.52,298143
2021-07-16,299.0,299.0,295.62,296.15,125738
2021-07-15,297.97,297.97,295.42,297.16,44004
2021-07-14,297.46,297.46,295.1,296.99,113292
2021-07-13,295.02,297.48,295.02,296.61,83548
2021-07-12,298.39,298.39,295.0,296.16,192780
2021-07-09,300.45,300.45,295.8,297.52,310542
2021-07-08,296.0,300.65,296.0,299.88,308437
2021-07-07,295.06,296.25,293.01,295.77,117577
2021-07-06,294.0,298.32,294.0,296.41,209421
2021-07-05,296.9,296.9,293.9,294.14,180774
2021-07-02,294.51,297.95,294.51,296.39,94415
2021-07-01,296.0,298.6,295.01,295.75,140653
2021-06-30,299.95,299.95,293.99,294.61,452839
2021-06-29,296.0,299.8,296.0,298.28,272984
2021-06-28,297.0,297.79,294.0,295.42,312922
2021-06-25,299.9,299.99,297.0,297.81,309800
2021-06-24,299.5,300.99,298.5,299.19,174004
2021-06-23,301.45,301.45,299.5,300.06,207223
2021-06-22,300.0,302.49,299.1,300.08,211107
2021-06-21,301.0,301.01,299.0,300.03,355199
2021-06-18,297.66,303.9,297.66,301.95,224282
2021-06-17,303.0,303.0,300.0,300.52,94465
2021-06-16,304.8,304.8,299.98,300.47,181979
2021-06-15,305.1,306.27,303.0,303.29,172899
2021-06-14,308.7,308.7,305.0,305.55,243899
2021-06-11,307.0,307.01,303.0,305.79,402995
2021-06-10,315.5,317.2,314.22,316.85,763884
2021-06-09,316.0,316.75,313.68,314.14,232339
2021-06-08,317.75,317.75,315.0,315.68,198785
2021-06-07,316.9,319.0,316.0,316.65,449860
2021-06-04,317.2,317.2,315.0,316.16,162966
2021-06-03,318.01,318.8,313.1,316.25,504818
2021-06-02,319.0,320.3,317.5,318.39,301955
2021-06-01,315.0,320.95,314.1,319.9,843516
2021-05-31,313.25,317.99,313.25,314.33,612881
2021-05-28,312.75,313.09,311.0,312.9,175561
2021-05-27,313.0,314.99,310.0,311.67,273032
2021-05-26,310.99,317.0,310.99,312.54,888822
2021-05-25,308.5,311.0,308.5,309.49,371075
2021-05-24,311.92,311.92,305.0,309.21,304722
2021-05-21,309.99,309.99,307.5,308.8,254654
2021-05-20,309.0,310.49,307.02,309.12,677473
2021-05-19,305.0,309.5,305.0,308.57,378166
2021-05-18,306.04,307.99,303.5,307.28,762513
2021-05-17,303.0,308.0,303.0,305.78,558596
2021-05-06,302.0,304.99,300.03,302.53,249948
2021-05-05,300.0,302.7,297.0,301.92,115871
2021-05-04,298.49,300.0,296.01,299.45,109782
2021-05-03,296.0,297.0,292.01,296.72,167317
2021-04-30,299.9,299.9,295.0,295.99,252900
2021-04-29,297.11,301.94,297.05,298.17,332299
2021-04-28,300.0,304.35,300.0,301.7,282967
2021-04-27,306.0,307.19,297.05,299.92,339092
2021-04-26,298.9,307.5,293.0,306.21,1176119
2021-04-23,302.95,303.0,296.5,299.59,328644
2021-04-22,304.0,308.0,300.75,301.8,757792
2021-04-21,294.0,303.6,294.0,298.14,414591
2021-04-20,294.7,297.45,291.12,293.17,227918
2021-04-19,287.99,294.9,284.75,291.47,262499
2021-04-16,287.95,290.0,286.17,289.1,328346
2021-04-15,288.93,292.5,287.86,288.97,420908
2021-04-14,288.0,289.5,285.0,287.82,568489
2021-04-13,292.98,292.98,285.31,287.75,492991
2021-04-12,297.5,297.5,290.99,291.51,303549
2021-04-09,303.7,309.51,296.0,297.49,1289512
2021-04-08,304.5,308.99,302.25,306.93,853478
2021-04-07,309.9,309.99,299.0,301.84,1396705
2021-04-06,304.0,310.0,304.0,308.98,1532634
2021-04-05,299.99,311.0,294.04,305.43,1621471
2021-04-02,300.99,310.0,295.41,299.44,4363749
2021-04-01,278.44,298.11,278.44,298.04,2641568
2021-03-31,277.8,279.0,273.51,277.32,585049
2021-03-30,278.01,279.0,272.75,273.14,567757
2021-03-29,283.75,284.95,276.0,278.34,377849
2021-03-26,285.0,285.0,282.0,282.93,429340
2021-03-25,287.95,290.0,283.05,283.77,391149
2021-03-24,289.0,293.47,286.0,286.48,581543
2021-03-22,285.0,292.49,285.0,290.34,323910
2021-03-19,288.99,290.5,284.5,286.15,221364
2021-03-18,293.0,293.5,284.53,285.72,535756
2021-03-17,290.9,293.99,290.89,292.02,222090
2021-03-16,288.65,290.01,285.55,289.7,468845
2021-03-15,292.0,294.98,280.51,288.31,424038
2021-03-12,290.79,295.0,289.0,289.92,1007874
2021-03-11,298.98,298.98,290.0,290.79,637275
2021-03-10,300.5,300.5,294.8,295.34,683100
2021-03-09,300.5,303.0,297.06,298.51,380244
2021-03-08,306.0,306.5,300.02,301.65,253508
2021-03-05,303.0,306.0,300.15,304.52,139324
2021-03-04,302.0,305.0,299.0,301.96,271536
2021-03-03,305.95,306.0,304.25,305.44,387757
2021-03-02,304.9,305.0,302.3,304.97,286434
2021-03-01,303.75,304.25,300.0,303.47,134017
2021-02-26,303.75,304.0,301.5,302.97,460977
2021-02-25,301.98,304.75,299.05,302.42,427809
2021-02-24,300.1,303.5,298.0,298.67,1201358
2021-02-23,300.6,302.57,298.8,302.16,245269
2021-02-22,302.51,303.5,297.26,298.82,574781
2021-02-19,302.0,305.15,301.0,301.66,390597
2021-02-18,305.0,305.0,301.11,302.02,934562
2021-02-17,310.0,310.5,309.0,309.91,328581
2021-02-16,306.0,309.99,304.52,307.98,471367
2021-02-15,303.0,307.2,303.0,304.03,421483
2021-02-12,304.0,306.0,301.0,301.65,505228
2021-02-11,308.01,308.01,303.0,303.85,538494
2021-02-10,307.31,309.0,305.0,306.8,413298
2021-02-09,310.0,310.74,307.0,307.3,638328
2021-02-08,315.25,315.25,308.0,309.1,584114
2021-02-04,317.0,317.0,313.1,315.25,817566
2021-02-03,313.4,315.5,312.0,313.05,336743
2021-02-02,313.0,317.55,310.1,312.05,795217
2021-02-01,308.0,314.2,307.2,312.74,938974
2021-01-29,307.02,309.5,307.0,307.49,625471
2021-01-28,310.01,310.99,307.0,307.5,500789
2021-01-27,310.5,311.9,309.5,310.93,184992
2021-01-26,309.5,311.5,308.25,309.96,159381
2021-01-25,309.0,311.45,308.0,308.96,190055
2021-01-22,311.75,311.75,308.02,308.76,137280
2021-01-21,309.25,311.5,306.9,310.75,217956
2021-01-20,310.0,310.0,306.3,307.04,992701
2021-01-19,311.1,312.75,309.5,311.23,311967
2021-01-18,312.03,314.0,311.11,311.8,186679
2021-01-15,315.1,315.2,312.01,313.03,199946
2021-01-14,317.0,317.25,313.8,314.24,270791
2021-01-13,319.9,320.0,315.2,316.75,309074
2021-01-12,320.0,320.0,316.65,317.59,495559
2021-01-11,321.0,321.56,317.5,318.25,741392
2021-01-08,317.0,321.49,317.0,318.58,1009689
2021-01-07,313.49,316.5,311.15,315.85,787143
2021-01-06,309.95,312.74,308.5,312.09,521872
2021-01-05,311.44,311.44,307.77,308.58,426937
2021-01-04,312.87,315.29,309.0,309.9,326474
2021-01-01,308.45,321.0,307.25,312.58,649583
2020-12-31,309.25,309.95,306.0,307.36,528408
2020-12-30,308.0,311.0,307.75,308.41,406231
2020-12-29,311.49,311.98,305.52,307.89,1415260
2020-12-28,311.5,311.5,309.0,310.37,150751
2020-12-24,312.0,312.0,307.6,308.28,174383
2020-12-23,306.9,311.0,306.9,309.5,941171
2020-12-22,309.0,311.9,305.0,307.03,465778
2020-12-21,312.5,315.0,305.58,308.13,422727
2020-12-18,318.0,318.0,311.0,312.49,798494
2020-12-17,315.0,318.2,312.5,317.17,523369
2020-12-16,309.3,314.98,308.1,313.36,733291
2020-12-15,309.0,311.5,307.3,308.07,524252
2020-12-14,304.43,309.5,304.0,308.73,323318
2020-12-11,304.0,304.97,302.0,303.62,718476
2020-12-10,306.35,306.35,302.2,303.08,471573
2020-12-09,302.25,306.97,302.25,305.82,246174
2020-12-08,304.0,305.01,302.0,304.89,386599
2020-12-07,303.01,305.0,301.11,303.08,161978
2020-12-04,302.0,306.0,301.0,303.1,476038
2020-12-03,311.5,316.75,310.0,312.11,1192974
2020-12-02,308.25,312.0,308.9,311.44,258293
2020-12-01,305.8,310.9,305.0,309.04,440959
2020-11-30,307.0,309.0,303.3,304.6,604594
2020-11-27,307.21,311.98,306.0,306.78,222262
2020-11-26,307.5,313.9,307.5,309.79,599070
2020-11-25,303.5,309.75,303.26,306.15,248188
2020-11-24,304.0,304.75,301.11,301.81,284692
2020-11-23,302.51,303.96,300.0,302.38,417106
2020-11-20,304.25,305.99,302.0,303.74,196986
2020-11-19,304.5,306.5,303.01,303.49,201731
2020-11-18,306.95,306.95,301.1,303.61,170238
2020-11-17,305.0,307.0,305.0,306.07,75730
2020-11-16,305.94,307.78,304.3,304.87,57852
2020-11-13,305.0,308.4,305.0,305.3,164982
2020-11-12,305.05,307.0,303.0,305.17,276563
2020-11-11,307.94,308.0,304.0,305.34,119654
2020-11-10,309.9,309.9,306.81,307.77,809010
2020-11-09,308.0,308.0,303.0,304.42,163656
2020-11-06,308.94,310.0,303.9,304.78,239813
2020-11-05,308.0,309.39,306.05,308.54,152395
2020-11-04,308.5,310.2,306.0,306.9,492204
2020-11-03,303.0,308.99,301.5,308.0,392288
2020-11-02,304.1,304.1,298.25,299.56,1042916
2020-10-29,311.01,316.0,303.15,304.12,1351966
2020-10-28,316.0,318.97,311.1,313.31,209041
2020-10-27,319.49,320.49,315.11,316.42,572764
2020-10-26,317.8,321.27,317.0,318.34,1120449
2020-10-23,322.5,322.5,314.07,316.25,1039032
2020-10-22,313.5,317.0,312.0,312.62,400491
2020-10-21,306.1,315.0,306.1,313.3,1711583
2020-10-20,305.0,307.9,304.03,306.91,381691
2020-10-19,295.1,305.5,295.1,305.03,890635
2020-10-16,299.97,299.97,294.01,296.38,296378
2020-10-15,298.75,302.0,296.55,298.2,574340
2020-10-14,298.47,300.25,295.27,297.16,350136
2020-10-13,299.02,301.0,295.03,296.74,362847
2020-10-12,301.01,304.07,298.11,299.63,498049
2020-10-09,300.02,303.24,300.0,300.74,301106
2020-10-08,299.98,301.89,297.6,301.33,566403
2020-10-07,295.0,299.9,294.0,298.38,205246
2020-10-06,292.9,295.88,289.01,293.9,583485
2020-10-05,301.5,303.0,290.05,291.84,711005
2020-10-02,303.02,306.44,298.12,299.71,428447
2020-10-01,300.1,304.89,299.07,303.67,500493
2020-09-30,305.0,308.25,300.0,301.03,1137645
2020-09-29,302.9,307.5,299.0,306.57,1158387
2020-09-28,308.9,308.9,299.01,301.25,331677
2020-09-25,304.9,309.26,304.0,306.44,652850
2020-09-24,299.25,306.0,299.25,305.07,550349
2020-09-23,299.5,302.5,299.0,300.05,302803
2020-09-22,303.2,304.8,299.3,299.92,439854
2020-09-21,307.0,307.0,303.1,303.86,159363
2020-09-18,305.9,308.45,304.0,306.53,676514
2020-09-17,305.05,307.6,301.5,305.87,780738
2020-09-16,298.4,306.07,298.4,304.22,1066232
2020-09-15,304.01,306.75,296.0,298.45,870081
2020-09-14,306.0,309.5,303.1,303.91,516297
2020-09-11,309.49,314.88,308.0,312.23,1725251
2020-09-10,305.52,311.5,305.52,308.23,2133110
2020-09-09,302.01,306.0,301.5,304.12,406750
2020-09-08,303.05,306.25,302.05,303.46,553231
2020-09-07,303.89,304.78,301.5,303.18,279101
2020-09-04,302.0,304.9,300.25,301.53,465623
2020-09-03,306.0,306.25,301.8,303.29,689585
2020-09-02,298.5,305.2,298.5,303.58,931423
2020-09-01,297.02,299.98,296.86,298.2,389422
2020-08-31,300.0,300.74,295.15,298.03,510575
2020-08-28,300.11,301.67,296.6,299.92,413762
2020-08-27,300.9,303.2,299.0,300.11,790481
2020-08-26,295.1,302.0,294.57,300.02,930580
2020-08-25,294.0,295.48,292.5,294.78,509131
2020-08-24,292.97,293.78,289.25,292.79,295272
2020-08-21,290.9,293.67,287.0,292.57,697306
2020-08-20,295.1,295.9,290.0,290.9,670649
2020-08-19,290.05,298.5,286.0,294.49,1615869
2020-08-18,294.99,296.0,288.02,289.2,1350375
2020-08-17,307.01,308.94,284.08,290.71,3128026
2020-08-13,313.98,315.0,304.15,307.11,1077986
2020-08-12,315.88,319.8,311.7,313.31,462121
2020-08-11,314.98,316.5,311.9,314.88,683698
2020-08-10,314.02,314.02,310.01,311.94,551373
2020-08-07,316.0,319.9,313.0,313.92,496961
2020-08-06,320.0,320.0,314.0,314.77,804685
2020-08-05,318.01,320.0,315.15,316.98,770035
2020-08-04,317.5,326.01,317.25,319.2,1871924
2020-08-03,314.0,319.89,314.0,317.46,1267545
2020-07-30,310.98,315.5,310.0,313.34,841173
2020-07-29,309.1,312.5,307.55,309.79,929026
2020-07-28,309.5,310.97,307.05,308.36,1111912
2020-07-27,306.9,310.05,305.15,307.96,686972
2020-07-24,306.02,307.8,304.4,306.09,229976
2020-07-23,309.49,310.98,305.51,306.58,634258
2020-07-22,312.0,316.0,307.0,308.76,1119919
2020-07-21,306.99,315.5,303.51,311.05,2910655
2020-07-20,308.0,312.0,305.0,305.89,1245362
2020-07-17,302.98,309.7,301.0,307.53,1885907
2020-07-16,300.5,302.5,299.05,300.76,921731
2020-07-15,304.98,306.74,299.01,300.73,1606793
2020-07-14,301.01,304.9,299.09,301.92,1628923
2020-07-13,302.0,302.75,299.02,301.23,713318
2020-07-10,298.29,301.7,296.1,300.9,713250
2020-07-09,296.95,301.88,295.5,298.78,753650
2020-07-08,295.94,298.25,294.51,295.08,492114
2020-07-07,299.87,302.65,295.15,295.94,684224
2020-07-06,298.99,301.0,297.25,298.16,218546
2020-07-03,298.7,299.0,295.3,298.16,149100
2020-07-02,299.99,301.75,297.0,299.09,694803
2020-07-01,293.24,299.51,292.0,298.29,813531
2020-06-30,292.9,294.74,289.99,292.92,411015
2020-06-29,291.02,292.75,288.0,292.12,337669
2020-06-26,289.0,292.5,285.51,291.71,673229
2020-06-25,286.9,289.0,284.15,286.07,342641
2020-06-24,285.6,289.49,283.11,287.54,487463
2020-06-23,285.98,287.0,282.3,283.76,300708
2020-06-22,278.0,286.45,275.5,285.11,391729
2020-06-19,278.06,280.5,276.0,277.2,310532
2020-06-18,279.0,281.0,276.5,278.27,457513
2020-06-17,284.0,287.0,278.25,279.94,304766
2020-06-16,282.33,284.98,279.25,283.63,312503
2020-06-15,286.0,286.9,281.25,281.86,349644
2020-06-12,289.0,290.95,286.99,287.72,365538
2020-06-11,290.0,293.88,288.05,290.77,894492
2020-06-10,287.02,290.0,285.5,287.95,530872
2020-06-09,289.5,289.5,287.49,287.92,450506
2020-06-08,290.51,291.89,288.5,289.41,677610
2020-06-05,288.0,294.25,287.03,293.32,542348
2020-06-04,288.3,290.0,287.0,287.51,294613
2020-06-03,294.0,294.0,287.25,288.72,573471
2020-06-02,290.4,297.39,290.4,291.62,853789
2020-06-01,291.66,292.0,285.5,290.99,612486
2020-05-29,296.0,298.4,290.0,291.66,812635
2020-05-28,299.0,299.0,295.25,296.44,290269
2020-05-21,300.0,301.0,296.5,298.73,121105
2020-05-20,302.2,302.2,296.8,298.08,263606
2020-05-19,306.48,306.48,301.0,302.18,257697
2020-05-18,308.5,308.5,301.2,304.01,310784
2020-05-15,305.97,307.0,304.0,306.17,197943
2020-05-14,311.0,316.0,305.0,305.97,837366
2020-05-13,306.84,307.07,304.5,305.37,190591
2020-05-12,304.01,308.57,304.01,307.87,434139
2020-05-11,305.0,305.0,300.15,303.4,143104
2020-05-08,306.25,307.17,303.25,303.73,271914
2020-05-07,307.05,311.0,304.51,305.23,538686
2020-05-06,307.01,309.0,305.75,306.56,284960
2020-05-05,308.5,310.0,304.5,308.39,1014996
2020-05-04,304.0,307.0,301.0,303.6,356186
2020-04-30,305.0,309.99,303.01,307.74,921789
2020-04-29,301.25,310.85,300.75,302.04,731826
2020-04-28,296.0,302.0,295.0,300.99,383711
2020-04-27,302.5,302.5,292.0,295.77,307180
2020-04-24,305.0,306.0,299.25,300.23,231388
2020-04-23,301.0,306.0,299.0,301.64,818681
2020-04-22,297.0,301.9,290.11,295.16,474246
2020-04-21,311.0,313.99,295.0,298.26,1249246
2020-04-20,316.73,316.73,307.0,316.73,2418246
2020-04-17,294.64,294.64,294.0,294.64,504133
2020-04-16,274.0,279.9,272.07,274.09,668850
2020-04-15,273.25,282.99,272.0,273.41,609070
2020-04-14,271.99,276.99,271.0,272.62,186414
2020-04-13,275.5,278.5,270.0,271.03,291053
2020-04-10,275.0,282.0,270.01,279.24,402112
2020-04-09,270.9,277.9,270.9,274.55,649650
2020-04-08,271.0,271.6,268.0,269.61,200286
2020-04-07,267.99,274.99,267.99,272.21,1107842
2020-04-06,275.1,277.0,267.01,269.07,611108
2020-04-03,280.0,283.0,275.0,277.28,1389861
2020-04-02,270.0,284.45,267.1,278.62,1423754
2020-04-01,269.0,273.5,262.0,270.25,529923
2020-03-31,253.5,269.0,253.0,266.9,604890
2020-03-30,251.0,262.47,248.1,254.09,518099
2020-03-27,247.5,263.0,241.0,259.04,665547
2020-03-26,234.0,255.47,234.0,244.81,1124636
2020-03-25,261.0,262.99,237.05,237.65,2585366
2020-03-24,256.26,256.27,256.26,256.26,554529
2020-03-20,271.4,278.7,260.15,277.03,1005000
2020-03-19,233.0,266.0,232.28,262.64,2618200
2020-03-18,269.5,270.5,251.11,251.11,1026700
2020-03-17,271.0,283.99,267.25,271.46,1263800
2020-03-16,281.0,284.0,267.9,269.62,1471700
2020-03-13,276.0,292.4,266.0,289.62,2688700
2020-03-12,299.0,301.0,284.0,286.02,1757500
2020-03-11,308.99,311.49,303.0,304.9,618300
2020-03-10,308.0,312.0,301.5,307.47,1229100
2020-03-09,296.01,308.5,292.53,301.0,2311500
2020-03-06,323.01,325.0,314.0,314.54,598500
2020-03-05,320.0,334.0,320.0,328.67,1283300
2020-03-04,321.5,327.0,317.0,317.84,590700
2020-03-03,335.0,335.49,321.3,324.5,719900
2020-03-02,314.0,331.99,313.8,330.26,1055200
2020-02-28,304.0,312.0,300.0,310.41,846500
2020-02-27,295.1,306.9,292.0,304.73,1624900
2020-02-26,328.1,328.1,299.9,302.49,3010000
2020-02-25,315.1,318.9,308.1,310.56,713000
2020-02-24,321.0,321.0,315.05,317.62,752500
2020-02-21,335.0,335.0,319.76,325.26,1074700
2020-02-20,339.0,339.0,334.0,334.71,140500
2020-02-19,336.85,339.93,334.01,336.44,226300
2020-02-18,333.0,339.0,333.0,335.61,255200
2020-02-17,336.5,336.5,330.0,334.54,128500
2020-02-14,340.0,340.0,334.05,335.09,184000
2020-02-13,337.1,341.0,335.51,337.68,264400
2020-02-12,329.0,339.5,329.0,337.99,560900
2020-02-11,330.0,330.0,323.01,329.05,488700
2020-02-10,334.0,334.0,324.52,326.41,766600
2020-02-07,336.99,341.0,331.0,334.14,462000
2020-02-06,337.2,337.2,332.02,334.16,175500
2020-02-04,328.5,336.5,328.0,335.13,762100
2020-02-03,338.0,339.5,323.0,328.38,1436800
2020-01-31,344.0,344.5,339.25,341.47,1107800
2020-01-30,338.77,342.45,335.25,341.55,441900
2020-01-29,339.05,343.24,336.5,337.87,643600
2020-01-28,344.99,344.99,340.1,341.46,171300
2020-01-27,344.8,345.0,338.5,344.04,406300
2020-01-24,336.56,342.85,336.56,339.93,494000
2020-01-23,342.7,346.0,336.5,338.94,749500
2020-01-22,338.0,344.0,335.35,339.69,913100
2020-01-21,350.5,350.5,335.1,337.17,1340300
2020-01-20,363.45,363.45,348.5,349.77,666100
2020-01-17,360.0,363.0,358.0,361.89,344000
2020-01-16,362.5,363.95,358.0,360.02,205800
2020-01-15,362.9,363.6,360.0,361.77,329500
2020-01-14,357.0,363.89,357.0,362.89,874800
2020-01-13,359.9,361.0,355.4,356.46,522700
2020-01-10,355.05,367.25,354.25,359.85,2230600
2020-01-09,354.99,358.0,352.02,354.19,2652500
2020-01-08,344.0,350.0,343.0,347.41,912100
2020-01-07,347.0,350.99,342.15,347.65,1108900
2020-01-06,352.06,353.99,340.07,341.76,2078800
2020-01-03,368.9,368.9,352.5,355.48,1600100
2020-01-02,361.73,371.99,357.25,366.0,2606900
2020-01-01,345.3,362.48,345.01,354.28,231900
2019-12-31,353.0,353.0,341.1,345.25,678500
2019-12-30,346.7,354.74,344.99,351.54,1095600
2019-12-27,332.4,343.0,330.01,341.05,2104900
2019-12-26,329.01,332.9,329.0,331.59,260700
2019-12-24,326.01,330.35,322.0,328.46,250100
2019-12-23,330.02,330.98,325.51,326.57,292700
2019-12-20,329.14,332.34,327.1,331.02,515300
2019-12-19,334.99,336.9,320.2,329.14,768000
2019-12-18,332.56,338.0,330.0,335.59,844200
2019-12-17,332.99,336.0,327.0,335.17,1044600
2019-12-16,327.25,331.4,326.5,330.11,500400
2019-12-13,327.75,331.98,326.0,326.66,629700
2019-12-12,327.0,328.97,323.0,327.73,456100
2019-12-11,328.0,329.44,322.9,325.97,268600
2019-12-10,326.0,329.0,325.02,327.7,223800
2019-12-09,324.0,330.0,324.0,326.34,856000
2019-12-06,321.11,326.5,321.0,323.04,702300
2019-12-05,322.5,327.0,320.0,321.06,1367300
2019-12-04,322.0,323.99,316.5,321.75,1636800
2019-12-03,336.4,336.4,322.8,324.37,1154000
2019-12-02,338.0,343.01,338.0,340.44,1009100
2019-11-29,338.99,342.0,337.0,337.97,575000
2019-11-28,335.8,342.0,335.8,337.74,974300
2019-11-27,338.9,341.0,334.01,335.84,443300
2019-11-26,332.45,339.99,329.0,338.48,1496400
2019-11-25,329.15,338.0,329.15,331.98,371700
2019-11-22,323.01,333.8,323.0,331.56,302000
2019-11-21,332.0,334.0,322.0,323.5,522300
2019-11-20,338.82,339.01,330.25,331.85,774400
2019-11-19,342.0,345.98,338.25,338.81,590600
2019-11-18,331.4,344.38,329.5,342.61,2448100
2019-11-15,327.5,329.0,326.0,328.39,987300
2019-11-14,327.9,328.0,323.0,326.49,266100
2019-11-13,324.7,328.95,320.0,326.82,1232000
2019-11-12,324.85,324.85,320.1,322.03,1031700
2019-11-11,320.0,326.99,320.0,323.82,1368700
2019-11-08,318.0,322.84,318.0,320.35,2241300
2019-11-07,313.0,319.98,311.1,316.54,2502900
2019-11-06,313.0,315.99,310.1,312.5,1059200
2019-11-05,308.99,314.0,308.5,311.33,1738100
2019-11-04,299.0,308.75,298.25,306.76,1283300
2019-11-01,295.06,301.0,295.05,298.44,1495500
2019-10-31,288.5,297.3,288.5,296.09,1235600
2019-10-30,292.0,293.4,287.01,288.26,238200
2019-10-29,295.5,295.99,290.61,291.41,175200
2019-10-28,291.16,298.0,291.0,293.24,319800
2019-10-25,293.23,296.5,292.3,293.21,307400
2019-10-24,292.0,298.9,288.65,293.23,1527400
2019-10-23,284.01,292.0,284.01,289.85,884100
2019-10-22,285.0,287.0,282.5,283.89,426400
2019-10-21,286.9,287.9,282.05,285.38,596500
2019-10-18,279.99,289.95,278.0,287.72,1949100
2019-10-17,280.0,280.0,278.0,279.7,240900
2019-10-16,277.99,281.7,276.02,280.31,915300
2019-10-15,279.89,281.5,277.01,277.64,321100
2019-10-14,282.0,284.95,278.1,279.2,506600
2019-10-11,278.74,283.84,276.97,281.54,1125200
2019-10-10,274.14,278.5,273.0,277.39,509700
2019-10-09,273.06,274.98,271.5,274.14,268800
2019-10-08,277.89,277.89,272.25,274.32,820300
2019-10-07,275.0,279.75,272.02,277.27,1142800
2019-10-04,271.9,275.0,270.0,274.08,964900
2019-10-03,269.95,273.8,267.0,271.76,1277700
2019-10-02,267.25,269.55,265.6,268.35,403500
2019-10-01,267.99,269.45,265.6,268.49,440600
2019-09-30,268.0,269.2,265.25,266.89,346900
2019-09-27,262.55,268.25,260.5,266.7,388900
2019-09-26,270.49,270.49,258.55,262.55,1508600
2019-09-25,270.0,272.85,268.0,268.29,694100
2019-09-24,270.0,272.5,266.75,270.35,853400
2019-09-23,271.98,271.98,267.25,270.55,855800
2019-09-20,269.5,271.0,265.6,267.85,1290100
2019-09-19,258.49,269.25,258.0,268.63,1142600
2019-09-18,260.01,260.97,256.5,256.98,308000
2019-09-17,263.1,264.0,259.0,260.16,280000
2019-09-16,260.9,263.8,259.6,263.05,421500
2019-09-13,260.26,261.87,257.1,259.69,454400
2019-09-12,261.99,272.25,261.99,266.84,2045800
2019-09-11,257.75,264.2,257.5,260.85,672200
2019-09-06,258.0,260.0,254.61,257.75,352600
2019-09-05,262.5,267.95,257.5,259.19,805000
2019-09-04,255.08,266.45,252.0,263.93,846500
2019-09-03,256.64,258.98,254.0,255.07,516000
2019-09-02,260.0,260.95,251.1,254.89,344200
2019-08-30,262.0,263.99,253.0,254.68,804100
2019-08-29,264.95,272.6,260.86,262.1,1856300
2019-08-28,263.9,269.5,261.02,264.65,1527400
2019-08-27,252.5,262.99,249.01,260.14,1428800
2019-08-26,266.1,266.5,251.31,253.69,738300
2019-08-23,265.0,267.49,260.1,263.56,1139600
2019-08-22,259.9,265.62,258.0,264.27,1073400
2019-08-21,248.5,257.2,248.5,255.83,1484500
2019-08-20,237.5,246.51,237.25,246.51,864200
2019-08-19,226.0,236.89,222.0,234.78,931200
2019-08-16,236.5,236.5,225.1,226.14,761500
2019-08-09,243.0,244.0,235.0,236.45,694800
2019-08-08,245.1,246.5,236.5,240.63,1240500
2019-08-07,252.6,252.6,244.0,246.06,543700
2019-08-06,251.0,253.8,250.24,252.6,145100
2019-08-05,256.0,256.0,250.02,252.32,209200
2019-08-02,256.21,257.44,254.25,256.13,357100
2019-08-01,256.5,257.99,255.0,256.17,236500
2019-07-31,253.0,257.0,251.0,256.41,545200
2019-07-30,248.0,252.8,247.0,251.4,259500
2019-07-29,253.63,255.49,248.5,249.7,228000
2019-07-26,254.9,256.4,252.5,253.63,251400
2019-07-25,252.0,255.5,252.0,254.78,300600
2019-07-24,259.0,259.0,252.0,252.64,697200
2019-07-23,261.25,262.3,256.55,258.59,294300
2019-07-22,264.9,264.9,259.55,260.21,194400
2019-07-19,253.1,262.5,252.5,260.53,553800
2019-07-18,265.25,265.25,253.1,254.85,806400
2019-07-17,267.0,271.0,264.15,265.25,558400
2019-07-16,261.6,265.0,260.66,264.63,609600
2019-07-15,268.78,268.78,261.0,262.09,1004900
2019-07-12,271.99,273.84,267.0,269.09,423500
2019-07-11,268.2,272.5,268.0,271.3,334500
2019-07-10,268.0,271.8,266.5,268.93,319300
2019-07-09,270.0,271.0,266.15,267.35,247800
2019-07-08,270.02,270.85,267.5,268.86,407100
2019-07-05,273.0,273.5,268.5,270.82,257800
2019-07-04,276.8,276.8,273.02,274.08,638300
2019-07-03,270.0,276.89,270.0,273.4,613200
2019-07-02,266.0,270.99,266.0,268.97,282400
2019-07-01,265.0,268.94,262.0,266.69,61200
2019-06-28,263.99,268.0,260.0,265.6,511500
2019-06-27,269.98,269.99,263.22,265.09,256100
2019-06-26,269.03,269.5,264.5,268.41,615900
2019-06-25,271.5,272.0,269.0,270.09,72700
2019-06-24,274.75,275.0,269.0,270.95,404900
2019-06-21,279.9,279.9,273.3,275.77,677000
2019-06-20,273.5,278.5,273.0,276.53,315700
2019-06-19,273.4,274.5,272.0,273.56,194700
2019-06-18,276.0,276.99,273.2,273.36,250900
2019-06-17,275.56,277.25,275.03,276.03,237500
2019-06-14,280.0,281.99,277.01,277.98,471000
2019-06-13,273.57,283.95,273.5,279.28,924300
2019-06-12,268.0,274.9,268.0,273.56,474100
2019-06-11,262.5,272.0,258.0,268.53,441500
2019-06-10,263.1,270.02,261.77,263.25,504800
2019-06-03,276.01,277.86,271.5,272.54,475000
2019-05-30,289.75,294.01,281.55,283.8,1367200
2019-05-29,280.99,290.5,280.99,287.68,1332100
2019-05-28,281.5,281.5,274.8,276.67,1066000
2019-05-27,280.0,284.9,279.61,281.71,794400
2019-05-24,280.12,284.75,277.05,279.72,609300
2019-05-23,277.0,283.15,271.9,280.12,1216000
2019-05-22,261.05,272.87,261.05,269.72,619900
2019-05-21,257.0,263.0,256.01,259.88,432300
2019-05-20,255.02,264.0,249.0,260.83,445500
2019-05-17,263.9,263.99,252.5,254.25,348700
2019-05-16,263.5,263.89,258.01,261.97,96400
2019-05-15,267.0,269.49,261.6,263.3,387300
2019-05-14,257.02,264.59,257.02,262.74,507500
2019-05-13,268.0,269.0,257.52,260.74,372700
2019-05-10,268.1,268.1,264.9,266.09,91100
2019-05-09,274.99,277.0,268.0,268.92,486800
2019-05-08,277.8,279.95,271.25,272.25,643100
2019-05-07,279.42,281.99,276.6,277.6,119400
2019-05-06,286.5,287.0,277.75,279.42,238600
2019-05-03,291.0,291.0,284.0,285.64,221000
2019-05-02,292.0,299.8,289.5,289.97,141700
2019-04-30,317.01,320.33,315.56,317.6,248900
2019-04-29,325.0,327.75,319.99,320.33,400500
2019-04-26,320.0,328.26,320.0,323.37,739900
2019-04-25,318.99,325.99,316.57,323.01,632300
2019-04-24,314.65,319.99,313.1,316.57,373600
2019-04-23,318.49,319.97,314.0,314.65,646300
2019-04-22,319.98,321.0,318.0,318.49,311800
2019-04-19,317.6,323.25,317.5,318.7,371300
2019-04-18,316.75,318.9,316.0,317.34,264800
2019-04-17,318.1,318.3,314.99,316.76,211300
2019-04-16,317.05,320.0,315.5,318.02,312600
2019-04-15,322.1,322.1,317.0,319.41,249600
2019-04-12,316.01,322.5,315.5,319.73,395600
2019-04-11,314.5,318.0,314.0,315.94,380200
2019-04-10,316.1,317.95,312.2,314.7,138800
2019-04-09,316.0,320.0,311.6,317.49,474400
2019-04-08,316.03,318.5,313.5,314.7,993600
2019-04-05,319.48,320.01,317.25,318.97,527500
2019-04-04,320.03,321.0,317.0,318.32,322700
2019-04-03,316.0,324.99,311.2,321.86,256400
2019-04-02,324.9,325.0,319.0,320.78,126400
2019-04-01,327.0,327.0,322.5,322.65,132900
2019-03-29,323.0,329.95,323.2,327.23,315700
2019-03-28,323.1,325.5,323.01,324.45,247300
2019-03-27,322.0,327.5,321.9,326.87,238700
2019-03-26,319.5,322.0,317.15,320.96,190800
2019-03-25,322.01,322.01,319.12,319.96,73000
2019-03-22,324.0,326.3,321.99,323.29,64700
2019-03-21,328.0,328.0,323.01,324.59,271100
2019-03-20,321.98,328.3,321.95,327.77,655100
2019-03-19,322.5,327.0,320.6,321.76,534200
2019-03-18,318.0,321.0,315.0,320.27,267300
2019-03-15,319.58,319.58,315.02,316.12,206900
2019-03-14,318.98,320.94,311.16,317.56,135100
2019-03-13,317.73,319.0,315.3,317.49,95300
2019-03-12,321.97,321.97,315.11,317.72,267100
2019-03-11,321.0,322.99,317.51,318.13,97200
2019-03-08,325.21,325.7,318.0,320.53,253800
2019-03-07,327.5,327.5,325.05,326.53,23600
2019-03-06,328.0,328.0,325.5,327.34,84100
2019-03-05,328.0,330.48,326.1,328.08,244200
2019-03-04,327.0,328.59,324.5,327.86,224100
2019-03-01,323.5,328.0,322.56,326.97,368400
2019-02-28,324.5,328.99,319.0,326.09,1377600
2019-02-27,322.0,327.01,306.55,322.87,2318100
2019-02-26,320.01,325.9,320.01,321.35,561700
2019-02-25,329.95,329.95,326.0,326.43,103800
2019-02-22,329.5,332.0,327.52,328.82,322300
2019-02-21,332.75,333.0,329.0,331.69,397600
2019-02-20,330.1,333.9,324.1,332.74,863700
2019-02-19,327.0,330.94,324.5,326.75,268800
2019-02-18,326.0,330.0,324.11,327.78,328100
2019-02-15,328.01,329.05,325.5,327.99,272700
2019-02-14,329.0,329.6,327.0,327.76,74600
2019-02-13,332.8,333.99,328.25,329.39,126600
2019-02-12,328.05,332.9,328.05,331.9,170700
2019-02-11,333.47,334.5,328.0,329.97,727300
2019-02-08,336.11,338.95,329.61,331.98,914400
2019-02-07,338.51,340.5,336.1,336.65,149300
2019-02-06,336.95,341.75,336.0,338.79,774100
2019-02-04,336.59,338.59,335.01,336.91,320400
2019-02-01,334.15,337.98,334.15,335.89,181100
2019-01-31,335.5,337.98,334.25,335.35,437600
2019-01-30,339.97,340.5,336.0,336.37,227500
2019-01-29,338.5,339.49,337.1,339.01,200500
2019-01-28,337.0,339.0,335.0,338.51,308500
2019-01-25,336.99,338.9,333.1,336.38,494700
2019-01-24,338.0,343.0,335.01,336.26,1732300
2019-01-23,331.85,335.75,329.1,333.13,768500
2019-01-22,328.5,332.5,326.0,330.92,573000
2019-01-21,327.02,331.49,326.25,327.78,490600
2019-01-18,330.0,331.89,325.13,327.81,350000
2019-01-17,328.02,329.0,323.01,328.49,609900
2019-01-16,332.0,334.49,328.35,329.21,411500
2019-01-15,324.97,334.8,324.97,333.0,1606000
2019-01-14,323.01,325.99,321.01,324.45,459900
2019-01-11,328.65,334.94,320.05,321.32,1468700
2019-01-10,324.95,329.9,322.02,328.43,575900
2019-01-09,327.81,328.5,322.6,324.21,259500
2019-01-08,325.0,330.99,325.0,325.98,1032700
2019-01-07,313.6,325.0,313.6,324.6,1186600
2019-01-04,315.5,317.0,313.0,313.56,392700
2019-01-03,308.99,318.0,304.5,314.99,985700
2019-01-02,308.49,315.0,304.5,308.75,880900
2019-01-01,294.95,305.63,294.95,305.54,498100
2018-12-31,297.05,300.9,286.51,291.08,1459500
2018-12-28,311.0,311.89,295.6,298.01,1135900
2018-12-27,321.0,321.0,308.99,310.25,377200
2018-12-26,317.87,318.4,313.0,316.78,247800
2018-12-24,313.98,317.99,310.78,315.53,393800
2018-12-21,310.88,321.0,308.0,314.37,1245500
2018-12-20,302.94,315.0,301.0,311.41,1460500
2018-12-19,302.0,303.99,300.0,301.41,232700
2018-12-18,304.89,307.05,302.0,303.24,309200
2018-12-17,308.89,309.0,304.15,305.08,148700
2018-12-14,297.95,307.94,296.55,307.13,820700
2018-12-13,294.99,297.9,291.0,294.91,317600
2018-12-12,297.0,299.0,290.0,294.06,964100
2018-12-11,304.0,304.0,297.81,299.41,528300
2018-12-10,301.5,305.99,301.0,303.6,767800
2018-12-07,292.7,302.0,288.0,299.54,1661900
2018-12-06,302.0,302.79,290.0,292.96,2171200
2018-12-05,304.0,308.5,296.0,302.04,1387300
2018-12-04,302.0,307.9,294.0,304.68,1776600
2018-12-03,311.0,312.0,300.73,300.88,1023100
2018-11-30,324.99,326.89,312.51,316.55,1098600
2018-11-29,326.0,327.9,323.61,324.48,192700
2018-11-28,330.0,332.0,325.11,326.22,628400
2018-11-27,332.49,333.46,328.0,328.5,131600
2018-11-26,330.0,333.49,329.75,330.9,207500
2018-11-23,330.16,333.9,329.0,330.0,220300
2018-11-22,336.0,337.21,330.0,332.78,324900
2018-11-20,339.74,340.98,336.5,339.44,927200
2018-11-19,341.0,341.0,335.0,339.8,553100
2018-11-16,335.97,339.5,332.0,338.41,348600
2018-11-15,330.0,334.9,329.0,333.74,258500
2018-11-14,336.05,338.5,320.0,331.51,1146800
2018-11-13,335.0,338.0,332.0,335.32,280300
2018-11-12,342.48,342.48,336.0,336.36,601400
2018-11-09,340.99,343.0,339.05,340.56,288200
2018-11-08,343.0,343.0,339.0,340.01,247600
2018-11-07,342.76,344.0,338.2,341.38,381000
2018-11-06,338.0,342.0,335.0,338.24,575500
2018-11-05,341.0,341.0,335.01,338.5,679300
2018-11-02,338.99,345.99,336.5,344.5,1719200
2018-11-01,333.0,340.9,333.0,337.91,1124700
2018-10-31,334.0,336.9,328.5,334.75,629200
2018-10-30,336.0,336.79,329.12,333.05,651300
2018-10-29,338.0,339.94,332.0,335.97,1676100
2018-10-26,318.5,332.99,316.05,330.09,1210500
2018-10-25,322.5,322.9,318.0,320.23,1705900
2018-10-24,307.1,313.64,307.1,313.64,556000
2018-10-23,292.1,301.5,292.1,298.71,772600
2018-10-22,300.0,301.5,293.25,295.24,554500
2018-10-19,305.0,307.0,298.5,300.68,1323100
2018-10-18,296.99,305.0,292.2,304.45,1277500
2018-10-17,285.0,296.75,284.0,294.86,648400
2018-10-16,290.0,296.5,282.0,285.89,379000
2018-10-15,298.98,300.0,287.06,289.52,587800
2018-10-12,307.0,307.0,295.12,297.0,308900
2018-10-11,309.0,311.95,305.51,307.64,90900
2018-10-10,308.95,314.74,300.0,310.4,363100
2018-10-09,303.0,310.7,302.0,307.43,541800
2018-10-08,303.5,305.0,295.5,297.15,403600
2018-10-05,310.07,310.07,296.3,305.57,438500
2018-10-04,313.5,314.99,309.5,310.07,89000
2018-10-03,314.51,316.84,313.0,313.99,61400
2018-10-02,314.0,318.0,313.99,316.72,136500
2018-10-01,310.55,314.0,308.11,312.56,87600
2018-09-28,312.0,323.1,308.8,311.63,388200
2018-09-27,313.75,315.97,311.0,312.92,295400
2018-09-26,314.3,315.99,313.5,313.93,88400
2018-09-25,314.01,319.0,313.5,314.3,107800
2018-09-24,319.0,319.9,315.0,315.42,136500
2018-09-19,320.99,322.0,317.0,318.47,161200
2018-09-18,308.0,325.0,307.01,319.66,405300
2018-09-17,312.84,312.84,307.5,310.26,227600
2018-09-14,317.49,317.49,310.0,310.49,522800
2018-09-13,310.5,320.3,301.25,319.58,242300
2018-09-12,316.51,319.0,315.0,315.14,693200
2018-09-11,321.99,321.99,316.56,318.97,225000
2018-09-10,320.0,321.75,315.75,319.63,475300
2018-09-07,323.05,333.75,319.25,322.27,607100
2018-09-06,325.0,328.0,322.0,323.28,107700
2018-09-05,328.0,329.9,324.55,326.58,175300
2018-09-04,326.9,330.95,325.0,328.27,209500
2018-09-03,323.01,330.0,321.0,328.83,209100
2018-08-31,330.0,334.49,327.0,328.96,473100
2018-08-30,340.1,340.1,324.52,328.0,1927000
2018-08-29,340.0,341.99,337.1,339.58,268000
2018-08-28,340.98,345.02,339.66,340.23,836200
2018-08-27,341.9,342.0,339.51,340.45,149800
2018-08-24,342.0,342.0,337.0,341.33,238900
2018-08-20,344.89,344.89,338.55,340.71,436000
2018-08-17,339.9,343.2,336.85,339.67,908800
2018-08-16,343.56,345.0,330.15,336.01,1536300
2018-08-15,346.5,347.5,343.0,344.39,477500
2018-08-13,346.1,347.8,343.5,345.23,467300
2018-08-10,350.0,354.39,345.0,348.76,2005100
2018-08-09,346.45,351.9,346.0,350.22,1578400
2018-08-08,344.98,348.8,339.0,346.76,1535300
2018-08-07,346.98,347.5,343.0,343.79,253900
2018-08-06,340.0,348.8,337.5,347.31,1931200
2018-08-03,332.0,341.5,330.91,338.85,1565400
2018-08-02,339.0,339.0,331.0,331.66,416900
2018-08-01,340.9,343.9,335.5,336.47,1514100
2018-07-31,338.5,346.99,331.0,338.17,1685100
2018-07-30,335.0,340.9,333.5,338.56,1213200
2018-07-27,333.0,336.48,329.0,333.81,1464900
2018-07-26,330.0,332.4,327.5,331.8,1117100
2018-07-24,319.78,326.0,316.1,324.13,1042000
2018-07-23,322.85,322.85,313.99,316.84,864300
2018-07-20,324.25,329.4,319.98,321.89,1786900
2018-07-19,318.4,324.48,318.4,323.25,1775100
2018-07-18,311.5,317.5,309.51,316.54,631900
2018-07-17,308.0,310.89,302.5,309.66,437900
2018-07-16,314.3,314.3,305.13,307.94,288900
2018-07-13,312.72,317.0,312.72,314.22,608100
2018-07-12,306.75,315.0,302.1,313.88,633000
2018-07-11,295.25,309.7,294.0,306.7,1123500
2018-07-10,295.65,298.0,290.5,296.66,637200
2018-07-09,308.6,310.99,296.5,297.37,1008100
2018-07-06,308.0,309.99,305.0,307.26,363500
2018-07-05,307.26,311.99,306.0,307.41,621100
2018-07-04,313.5,315.0,305.0,307.14,924800
2018-07-03,314.0,316.4,312.59,315.03,394500
2018-07-02,314.0,316.49,313.05,314.28,371400
2018-06-29,317.5,317.9,313.0,313.86,591900
2018-06-28,317.0,320.4,315.0,317.03,645400
2018-06-27,314.7,319.98,314.5,317.74,828400
2018-06-26,307.0,315.85,307.0,313.32,976200
2018-06-25,308.6,310.59,303.0,306.29,1794800
2018-06-22,317.4,317.84,309.61,310.32,849900
2018-06-21,314.0,319.88,313.0,314.63,1151700
2018-06-20,320.1,323.99,316.5,317.07,1096000
2018-06-19,321.5,325.0,318.5,320.97,869900
2018-06-14,318.9,322.69,317.5,321.21,2164200
2018-06-13,310.5,319.0,310.5,316.67,1315800
2018-06-12,315.0,316.75,313.25,315.24,777200
2018-06-11,316.51,320.99,315.07,317.02,1649800
2018-06-07,315.5,316.0,308.5,309.86,856400
2018-06-06,318.0,318.7,312.0,316.39,755100
2018-06-05,312.7,318.0,310.0,317.38,1103100
2018-06-04,303.99,313.7,303.1,312.6,1067000
2018-06-01,302.0,305.5,300.1,303.66,214300
2018-05-31,305.5,309.0,304.11,307.92,449200
2018-05-30,309.0,311.0,305.05,305.8,367300
2018-05-29,305.0,309.5,305.0,308.54,493800
2018-05-28,295.0,307.0,295.0,305.44,671300
2018-05-25,299.0,300.3,296.75,297.34,207800
2018-05-24,301.0,305.5,298.15,299.89,474700
2018-05-23,304.5,306.49,299.5,300.54,535000
2018-05-22,290.0,303.1,289.75,302.53,1011100
2018-05-21,286.75,291.0,286.75,288.67,310700
2018-05-18,286.0,289.5,285.0,288.1,408600
2018-05-17,291.01,292.9,287.5,288.58,209000
2018-05-16,295.73,295.74,291.0,292.01,165100
2018-05-15,295.0,298.0,289.0,294.03,2086300
2018-05-14,306.12,306.79,293.5,295.8,1647600
2018-05-11,309.0,311.8,306.6,308.02,220900
2018-05-10,305.31,310.9,305.31,310.05,352300
2018-05-09,309.0,310.0,305.0,307.38,468000
2018-05-08,312.0,312.9,306.0,308.76,330900
2018-05-07,308.0,312.95,308.0,311.74,924200
2018-05-04,307.97,309.98,305.0,307.14,301600
2018-05-03,309.5,309.8,305.01,307.66,329800
2018-05-02,312.0,312.0,308.1,309.37,428100
2018-04-30,319.25,321.0,311.15,312.5,745400
2018-04-27,315.9,318.45,315.0,316.92,696900
2018-04-26,317.0,318.0,315.0,315.2,337400
2018-04-25,316.26,317.0,315.01,315.89,787000
2018-04-24,315.0,316.81,311.98,315.58,1095300
2018-04-23,312.25,316.49,310.5,313.1,780900
2018-04-20,313.0,318.51,310.0,312.26,1320200
2018-04-19,313.97,314.7,310.5,313.18,557600
2018-04-18,317.0,319.98,312.51,313.37,1670700
2018-04-17,317.6,318.88,315.05,316.7,719800
2018-04-16,313.01,317.9,312.0,317.02,623400
2018-04-13,315.05,316.97,313.05,313.68,490400
2018-04-12,318.49,319.0,315.01,316.31,724500
2018-04-11,319.1,321.5,316.5,317.26,1333700
2018-04-10,319.0,320.0,317.02,319.08,269700
2018-04-09,319.5,322.0,318.25,318.87,776600
2018-04-06,322.0,326.05,317.1,318.65,1878500
2018-04-05,315.98,321.67,315.98,318.02,2400400
2018-04-04,316.97,319.6,314.11,315.36,953000
2018-04-03,318.5,320.0,314.0,317.53,1602600
2018-04-02,309.75,317.5,309.7,316.1,1442400
2018-03-30,310.0,311.74,308.1,309.65,392800
2018-03-29,308.02,312.0,308.0,310.74,792300
2018-03-28,309.0,312.0,308.0,309.49,698600
2018-03-27,308.0,312.0,307.25,309.92,1367100
2018-03-26,303.0,307.52,303.0,306.6,285800
2018-03-22,304.97,306.8,302.35,305.46,499000
2018-03-21,302.9,308.95,302.9,304.56,1351500
2018-03-20,301.5,305.74,301.5,302.04,1470400
2018-03-19,295.05,301.99,295.05,300.64,1510700
2018-03-16,299.2,299.2,293.25,295.05,570500
2018-03-15,297.0,300.0,297.0,299.12,507000
2018-03-14,301.95,303.45,297.0,297.9,1172100
2018-03-13,300.2,304.0,299.51,301.47,1293500
2018-03-12,295.01,300.99,295.0,300.16,663400
2018-03-09,299.5,300.0,294.5,295.88,428300
2018-03-08,299.99,301.5,295.2,297.67,1024400
2018-03-07,303.0,303.0,295.1,300.06,389600
2018-03-06,307.98,309.0,303.05,303.89,322500
2018-03-05,310.0,312.9,306.15,307.54,816700
2018-03-02,307.98,310.5,305.66,309.26,878900
2018-03-01,300.05,312.88,299.0,308.06,2633900
2018-02-28,295.9,302.75,293.05,300.65,1020200
2018-02-27,295.66,297.89,293.99,295.48,299300
2018-02-26,304.0,304.0,295.0,295.83,457400
2018-02-23,303.0,304.69,292.01,301.16,2124600
2018-02-22,284.77,302.28,280.0,301.36,3316700
2018-02-21,298.0,299.0,284.0,287.89,1355100
2018-02-20,297.01,298.88,293.14,295.96,499100
2018-02-19,300.97,301.0,296.5,297.6,200600
2018-02-16,295.0,298.98,295.0,298.35,176500
2018-02-15,298.24,298.25,294.5,295.08,607300
2018-02-14,299.11,300.75,295.4,297.82,629200
2018-02-13,298.89,302.7,298.0,300.66,453400
2018-02-12,298.01,299.95,296.0,297.44,398100
2018-02-09,300.25,300.5,296.4,298.23,484800
2018-02-08,298.01,301.99,297.0,300.17,611200
2018-02-07,300.0,302.95,297.1,297.92,770500
2018-02-06,298.0,300.0,293.11,298.53,554000
2018-02-02,303.05,305.99,300.5,300.92,547000
2018-02-01,303.9,303.99,301.0,302.09,498700
2018-01-31,301.6,306.5,301.5,302.17,751900
2018-01-30,302.9,304.0,299.65,301.01,768900
2018-01-29,304.1,305.95,299.06,302.53,1618700
2018-01-26,306.97,306.97,301.31,304.92,886900
2018-01-25,308.0,308.0,304.01,305.79,250400
2018-01-24,308.4,310.59,304.5,307.2,1247700
2018-01-23,313.5,314.0,304.41,306.74,2158500
2018-01-22,306.3,313.0,304.5,311.87,2225900
2018-01-19,303.99,307.5,302.0,306.17,1276300
2018-01-18,298.48,302.7,294.99,300.22,2387600
2018-01-17,293.0,293.0,289.1,292.12,410300
2018-01-16,288.1,294.5,288.1,290.5,943600
2018-01-15,286.5,292.4,284.5,289.17,1228700
2018-01-12,291.1,293.0,284.0,287.23,989700
2018-01-11,298.0,298.5,291.03,292.17,1243900
2018-01-10,288.0,298.4,288.0,297.24,2390200
2018-01-09,291.65,291.65,286.15,288.48,828200
2018-01-08,287.9,293.05,287.51,290.15,1810900
2018-01-05,283.1,288.5,283.1,286.7,1146100
2018-01-04,281.49,287.0,280.3,284.83,1103100
2018-01-03,279.11,283.73,278.5,281.49,1271800
2018-01-02,279.0,283.75,277.5,280.39,1577200
2018-01-01,274.0,283.55,270.15,280.3,1429100
2017-12-29,277.15,278.98,271.05,274.75,1337700
2017-12-28,280.0,280.0,275.0,276.32,1587400
2017-12-27,275.9,281.2,275.0,279.34,1443300
2017-12-26,276.01,279.0,272.75,274.82,1151500
2017-12-22,275.71,283.25,270.6,277.36,2732700
2017-12-21,263.0,275.99,261.16,274.11,2190100
2017-12-20,263.4,266.39,262.01,264.52,1292400
2017-12-19,263.8,264.5,260.0,262.01,1786800
2017-12-18,268.4,269.0,263.23,264.95,1028700
2017-12-15,258.0,271.29,257.0,268.66,7265100
2017-12-14,262.5,262.5,256.1,258.38,976700
2017-12-13,260.0,263.75,258.03,262.88,1203400
2017-12-12,256.0,259.99,249.0,258.75,1325800
2017-12-11,261.0,262.6,251.25,253.43,1199400
2017-12-08,254.2,263.0,253.2,260.19,2505100
2017-12-07,262.99,263.0,253.0,254.07,2167700
2017-12-06,262.0,263.75,261.25,262.97,827200
2017-12-05,259.99,265.65,259.89,261.83,2853800
2017-12-04,264.0,264.93,258.01,259.36,2059700
2017-11-30,262.99,269.4,253.2,262.32,22761100
2017-11-29,258.99,270.24,258.0,268.51,4818700
2017-11-28,253.5,263.15,249.02,257.63,4871700
2017-11-27,258.5,260.49,252.51,253.53,2012300
2017-11-24,256.35,262.0,255.25,260.73,1549200
2017-11-23,261.5,262.95,254.86,256.35,1666200
2017-11-22,268.0,268.15,260.0,261.2,1438500
2017-11-21,266.0,269.5,265.0,267.89,542600
2017-11-20,269.64,269.97,263.45,265.54,899900
2017-11-17,267.52,270.5,267.09,269.64,1038900
2017-11-16,266.5,271.45,265.5,269.17,2739800
2017-11-15,259.52,268.43,259.52,265.77,8979500
2017-11-14,273.17,273.17,273.17,273.17,661100
2017-11-13,288.0,288.0,284.95,287.54,242300
2017-11-10,295.0,297.0,287.01,288.02,557800
2017-11-09,287.7,297.7,287.49,295.97,1313800
2017-11-08,287.16,290.1,285.15,286.07,409500
2017-11-07,288.0,289.0,285.6,288.15,278800
2017-11-06,289.6,290.0,285.6,287.57,384100
2017-11-03,285.0,289.5,284.5,287.62,1170100
2017-11-02,286.0,291.9,284.0,284.79,757100
2017-11-01,278.5,287.5,278.5,286.59,846300
2017-10-31,284.0,284.0,276.0,278.02,1477900
2017-10-30,287.49,287.5,282.72,284.53,987500
2017-10-27,294.11,294.11,287.0,287.57,1025900
2017-10-26,295.0,298.0,291.1,294.64,857800
2017-10-25,292.0,294.99,290.31,294.5,125700
2017-10-24,291.2,293.39,285.01,291.66,491500
2017-10-23,307.0,307.0,292.03,292.83,469200
2017-10-20,306.0,309.45,298.98,307.4,966900
2017-10-19,290.34,304.85,290.34,303.54,688700
2017-10-18,291.4,294.94,286.08,290.34,329700
2017-10-17,293.1,298.0,288.5,291.64,448800
2017-10-16,282.5,294.0,282.5,291.61,557200
2017-10-13,281.0,281.99,276.02,280.78,282200
2017-10-12,283.0,284.97,275.15,281.72,525900
2017-10-11,287.0,288.89,281.0,282.98,374500
2017-10-10,290.02,290.98,281.5,286.99,506500
2017-10-09,293.0,293.0,289.72,291.03,511900
2017-10-06,291.0,295.05,287.0,292.65,728100
2017-10-05,285.0,289.0,280.0,286.94,622400
2017-10-04,292.99,293.05,275.4,283.45,1014900
2017-10-03,300.8,300.8,287.0,289.89,994700
2017-10-02,303.0,304.0,300.01,301.6,62000
2017-09-29,303.43,306.7,300.03,303.09,616200
2017-09-28,302.0,304.0,301.0,302.68,147000
2017-09-27,305.0,306.95,298.31,300.64,236000
2017-09-26,310.5,313.24,306.0,306.77,264200
2017-09-25,310.72,319.89,300.25,310.45,556200
2017-09-22,311.19,314.0,310.05,311.48,329700
2017-09-21,320.1,321.95,310.25,313.96,439900
2017-09-20,324.74,324.74,319.0,321.58,492300
2017-09-19,320.42,324.99,316.01,321.39,705100
2017-09-18,315.5,324.0,313.06,320.42,1188600
2017-09-15,305.0,316.0,305.0,315.08,2081200
2017-09-14,298.99,306.05,293.01,304.88,626500
2017-09-13,285.89,297.5,283.02,296.18,561400
2017-09-12,288.0,292.0,288.0,290.4,205100
2017-09-11,291.45,291.45,287.0,288.59,350800
2017-09-08,293.0,297.85,286.1,290.68,544200
2017-09-07,285.0,292.5,285.0,291.35,865200
2017-09-06,287.79,288.5,282.75,284.26,481200
2017-09-05,285.3,287.98,282.0,285.31,986600
2017-08-31,290.0,292.9,280.0,283.51,1668200
2017-08-30,285.0,296.0,285.0,290.16,414800
2017-08-29,288.0,291.4,285.75,287.34,347600
2017-08-28,296.9,298.5,286.99,290.73,595300
2017-08-25,293.0,301.65,287.0,296.31,1770000
2017-08-24,304.99,307.0,291.51,295.21,344000
2017-08-23,295.0,304.15,295.0,303.34,404800
2017-08-22,288.5,296.99,282.0,294.13,755700
2017-08-21,292.0,294.98,285.05,288.79,446000
2017-08-18,297.36,302.0,290.0,294.52,1629400
2017-08-17,303.2,306.0,297.56,299.36,744400
2017-08-16,299.8,306.98,296.01,304.2,691700
2017-08-15,311.0,313.0,296.2,298.11,788700
2017-08-11,313.02,316.5,310.3,311.44,209200
2017-08-10,320.7,322.0,315.52,316.1,548500
2017-08-09,325.0,326.0,317.02,320.08,1256600
2017-08-08,332.0,334.75,322.0,324.21,605000
2017-08-07,336.5,337.98,330.39,332.53,328300
2017-08-04,337.0,343.49,336.0,336.47,708300
2017-08-03,341.49,343.0,333.03,339.56,854200
2017-08-02,340.0,342.74,337.12,339.82,1016700
2017-08-01,327.69,339.1,326.0,338.04,2349900
2017-07-31,321.7,333.35,321.7,324.38,2612500
2017-07-28,309.0,319.7,305.75,317.48,4559200
2017-07-27,323.5,324.7,320.6,321.73,524700
2017-07-26,323.0,326.0,322.36,323.81,1376700
2017-07-25,316.55,323.0,316.55,321.89,1239800
2017-07-24,314.99,317.39,313.5,316.72,741000
2017-07-21,312.05,317.01,308.51,314.38,1206800
2017-07-20,324.0,326.25,312.01,313.78,906300
2017-07-19,326.0,327.19,318.0,319.48,704700
2017-07-18,317.5,328.7,317.5,327.6,673700
2017-07-17,315.0,320.01,314.0,317.19,458600
2017-07-14,315.0,322.0,311.2,318.22,760800
2017-07-13,312.0,317.0,309.0,313.9,1038200
2017-07-12,320.0,323.49,306.75,314.35,2554500
2017-07-11,328.0,329.99,322.89,322.89,1323700
2017-07-10,323.1,342.0,322.44,339.88,2493200
2017-07-07,319.0,331.9,316.0,327.96,1093000
2017-07-06,317.01,321.8,312.25,317.11,823200
2017-07-05,320.0,327.0,313.1,316.87,1175400
2017-07-04,312.0,323.97,310.0,319.29,977100
2017-07-03,323.01,323.5,311.0,311.91,1199400
2017-06-30,333.9,334.0,323.2,325.91,1722100
2017-06-29,334.99,340.5,328.0,333.66,1841800
2017-06-22,329.0,341.6,325.12,337.83,1258800
2017-06-21,316.5,329.89,312.6,326.58,1612200
2017-06-20,331.0,334.49,314.0,317.34,1758300
2017-06-19,338.9,338.9,327.0,330.52,1450900
2017-06-16,338.11,344.4,331.0,334.93,539500
2017-06-15,337.01,344.38,334.25,335.87,1567600
2017-06-14,349.0,353.89,336.0,337.96,1406700
2017-06-13,348.0,353.0,331.25,346.46,1500500
2017-06-12,355.0,356.77,343.35,343.46,1437300
2017-06-09,359.01,363.0,358.06,361.42,612100
2017-06-08,360.3,366.5,358.0,361.31,824400
2017-06-07,367.18,368.0,361.0,363.2,767800
2017-06-06,370.99,370.99,361.1,367.18,1624600
2017-06-05,354.9,369.74,354.9,369.08,2001600
2017-06-02,353.0,360.0,338.0,352.14,3355200
2017-06-01,370.8,378.99,353.48,358.14,5662800
2017-05-31,390.0,390.0,370.12,372.08,23416800
2017-05-30,396.0,402.49,385.0,389.59,3201000
2017-05-29,395.25,397.5,392.0,394.71,1388000
2017-05-26,397.0,400.99,395.25,398.36,2072600
2017-05-25,396.9,403.5,394.5,399.16,3737500
2017-05-24,395.99,401.95,393.11,395.13,4258000
2017-05-23,387.0,397.0,386.7,392.2,4410800
2017-05-22,371.99,385.7,371.05,384.06,2600600
2017-05-19,374.0,376.5,369.6,370.87,1579700
2017-05-18,382.0,383.01,372.5,374.1,1160700
2017-05-17,382.92,386.1,378.99,382.0,2209000
2017-05-16,396.0,396.0,379.65,381.03,3328300
2017-05-15,384.95,399.0,384.9,391.2,4619500
2017-05-12,376.0,386.97,376.0,383.22,2688500
2017-05-11,377.79,378.5,374.02,376.45,696100
2017-05-10,378.0,378.5,373.0,375.06,620300
2017-05-09,383.0,385.0,376.8,377.94,1801100
2017-05-08,372.25,381.77,372.25,379.35,2016700
2017-05-05,361.98,374.25,357.9,370.57,2166400
2017-05-04,351.5,364.49,350.2,361.29,1002700
2017-05-03,346.5,352.89,345.1,350.49,511000
2017-05-02,352.0,352.0,346.0,347.4,664800
2017-04-28,358.0,358.0,351.75,352.57,1638300
2017-04-27,362.5,362.5,356.75,358.55,490600
2017-04-26,363.0,364.0,357.12,360.97,827700
2017-04-25,371.5,373.0,362.1,363.59,1573900
2017-04-24,368.95,374.99,360.01,372.1,1402000
2017-04-21,354.0,369.1,348.3,367.24,2644500
2017-04-20,341.99,357.44,335.01,351.65,2613100
2017-04-19,319.0,344.0,319.0,340.42,2245900
2017-04-18,335.5,335.5,327.0,329.6,1093500
2017-04-17,343.0,343.72,328.03,332.13,721100
2017-04-14,348.0,348.0,342.15,343.78,1018400
2017-04-13,353.51,354.0,347.1,348.01,573100
2017-04-12,355.11,357.55,352.5,353.21,319300
2017-04-11,355.0,357.0,353.0,356.28,174200
2017-04-10,355.0,356.75,352.5,354.6,182900
2017-04-07,350.25,355.5,350.2,354.78,460900
2017-04-06,357.0,358.0,349.99,350.41,723200
2017-04-05,363.0,363.97,353.56,356.89,385500
2017-04-04,362.1,365.0,361.01,362.76,246100
2017-04-03,368.4,369.5,357.5,361.05,608000
2017-03-31,368.5,369.7,365.0,368.02,574700
2017-03-30,372.25,373.94,368.5,369.52,379700
2017-03-29,379.99,380.0,372.0,372.74,346200
2017-03-28,378.01,378.98,370.0,376.1,535900
2017-03-27,380.6,383.0,378.9,380.16,649600
2017-03-24,382.0,383.89,380.01,382.88,398500
2017-03-22,381.99,382.8,378.22,381.67,669800
2017-03-21,377.5,381.75,376.75,380.25,725100
2017-03-20,376.7,379.48,374.53,377.07,130100
2017-03-17,375.83,377.95,373.0,376.49,932600
2017-03-16,378.0,378.25,372.0,375.83,414900
2017-03-15,379.45,380.0,376.0,377.64,594500
2017-03-14,378.0,379.8,370.76,376.76,710800
2017-03-13,380.55,382.2,376.5,377.58,325500
2017-03-10,380.01,382.5,376.0,380.23,795800
2017-03-09,377.0,383.9,375.2,380.03,1795200
2017-03-08,374.5,379.5,374.0,376.69,909200
2017-03-07,377.0,377.0,371.0,373.75,1310300
2017-03-06,381.11,383.45,375.25,377.31,692400
2017-03-03,385.65,387.5,379.1,380.43,1278100
2017-03-02,385.5,389.37,381.3,385.01,1816900
2017-03-01,383.93,384.99,379.7,383.9,1646300
2017-02-28,373.5,383.5,369.01,380.01,1402100
2017-02-27,375.85,377.97,361.11,373.19,1603400
2017-02-24,372.1,375.85,370.5,373.42,1829100
2017-02-23,358.0,369.5,355.0,367.68,2022000
2017-02-22,356.1,360.2,355.01,359.33,1220000
2017-02-21,351.2,358.5,349.1,353.06,2251700
2017-02-20,362.0,362.45,351.05,352.52,2295600
2017-02-17,384.0,388.65,360.38,361.97,9186000
2017-02-16,376.0,381.5,373.01,379.34,1334000
2017-02-15,380.5,382.1,372.01,375.46,1655700
2017-02-14,382.16,385.99,374.5,378.8,1567300
2017-02-13,382.04,389.99,380.41,383.15,2465100
2017-02-10,374.0,382.5,372.0,379.66,2880000
2017-02-09,370.01,377.0,368.1,372.19,1692700
2017-02-08,368.99,373.51,363.51,371.03,2031800
2017-02-07,362.0,367.0,359.06,365.89,1364300
2017-02-06,358.7,363.0,357.5,358.86,974100
2017-02-03,350.0,359.98,349.0,357.49,4309100
2017-02-02,342.99,348.8,342.2,344.79,1583500
2017-02-01,338.25,341.75,338.2,340.75,1337100
2017-01-31,335.0,339.0,331.5,336.15,1654900
2017-01-30,342.5,343.81,332.0,335.11,1554800
2017-01-27,344.0,353.5,340.9,341.57,2750100
2017-01-26,338.0,344.46,338.0,343.62,2269200
2017-01-25,339.0,342.49,336.03,337.52,2297500
2017-01-24,337.0,339.5,334.8,337.13,1182500
2017-01-23,334.0,336.97,334.0,336.03,1439000
2017-01-20,335.0,337.0,333.0,333.82,967100
2017-01-19,331.1,335.1,330.9,334.87,581300
2017-01-18,332.0,333.0,329.7,330.96,1161100
2017-01-17,334.0,334.5,329.8,331.28,1106500
2017-01-16,334.5,335.95,329.01,333.42,1932100
2017-01-13,332.8,335.9,330.0,330.93,1342200
2017-01-12,336.48,336.7,331.0,331.81,895400
2017-01-11,331.5,335.8,330.3,333.76,1366300
2017-01-10,336.0,336.0,327.0,330.55,2087300
2017-01-09,340.0,341.7,338.0,338.51,472400
2017-01-06,335.9,342.5,335.9,339.25,1996600
2017-01-05,334.89,338.35,331.17,335.64,1412300
2017-01-04,335.9,339.0,333.0,334.41,1311200
2017-01-03,327.0,339.5,321.0,335.92,3269100
2017-01-02,318.0,326.99,317.9,324.9,2352600
2016-12-30,319.0,319.5,315.0,316.09,756700
2016-12-29,320.99,323.3,317.0,318.91,2321600
2016-12-28,314.0,319.99,313.52,319.46,1712500
2016-12-27,313.49,314.48,312.5,313.27,326700
2016-12-26,311.9,315.0,311.9,312.66,278500
2016-12-23,313.4,314.5,311.05,313.16,251000
2016-12-22,315.01,316.99,311.55,312.92,548300
2016-12-21,315.24,320.8,310.5,315.12,2562300
2016-12-20,311.97,318.7,310.0,315.24,1985100
2016-12-19,309.99,312.5,308.0,311.08,555100
2016-12-16,309.5,311.5,307.1,308.55,549400
2016-12-15,312.9,313.75,308.6,309.12,1294900
2016-12-14,318.6,321.0,318.0,319.71,1309700
2016-12-13,320.0,322.45,315.91,320.03,2243800
2016-12-09,318.8,321.48,316.6,319.18,1596500
2016-12-08,319.49,321.0,316.0,317.84,1704100
2016-12-07,314.0,318.75,310.0,317.19,3156100
2016-12-06,309.28,313.8,308.98,312.33,3020300
2016-12-05,306.49,308.99,305.01,307.76,963500
2016-12-02,304.05,307.18,303.6,305.98,855500
2016-12-01,304.5,307.38,303.51,304.34,957200
2016-11-30,303.5,307.5,302.51,303.58,1167200
2016-11-29,300.49,306.8,298.65,303.98,2058600
2016-11-28,294.0,302.4,294.0,299.89,2903700
2016-11-25,293.0,295.4,292.0,293.49,1104000
2016-11-24,292.67,295.0,291.7,292.53,2155800
2016-11-23,290.9,292.4,290.0,291.72,786100
2016-11-22,289.98,291.51,289.0,289.59,1133700
2016-11-21,288.5,291.3,288.25,288.88,657600
2016-11-18,290.8,290.8,287.01,288.98,576800
2016-11-17,291.0,292.0,289.75,290.35,587700
2016-11-16,290.99,291.79,287.0,291.14,730500
2016-11-15,290.55,292.79,289.25,289.97,517800
2016-11-14,293.49,294.01,290.21,291.1,745700
2016-11-11,293.95,295.49,291.6,293.41,900200
2016-11-10,290.89,294.25,290.25,293.11,1423200
2016-11-09,287.4,289.9,282.75,288.67,1700700
2016-11-08,294.24,297.0,288.25,289.38,2342400
2016-11-07,288.0,293.47,287.21,290.94,1275600
2016-11-04,288.2,290.0,287.65,288.01,582800
2016-11-03,289.5,290.1,287.36,289.07,755300
2016-11-02,294.0,295.78,287.75,288.76,2716100
2016-11-01,280.22,292.99,277.5,292.3,3077400
2016-10-31,281.0,283.0,277.1,279.14,973200
2016-10-28,279.5,282.99,276.0,280.07,1627100
2016-10-27,283.0,284.99,277.02,280.66,2840400
2016-10-26,285.1,291.5,280.3,282.86,5329700
2016-10-25,283.2,286.0,280.5,284.07,846600
2016-10-24,291.0,291.0,285.1,285.79,524500
2016-10-21,293.6,294.5,290.5,291.09,391000
2016-10-20,290.0,296.8,290.0,293.61,1142400
2016-10-19,290.75,290.75,286.26,289.84,443700
2016-10-18,293.62,295.25,286.0,288.84,1110900
2016-10-17,297.1,297.9,293.25,294.03,345700
2016-10-14,295.5,298.79,293.55,297.77,1781500
2016-10-13,301.0,301.0,295.12,295.87,439700
2016-10-10,300.7,301.0,299.01,299.97,310600
2016-10-07,299.12,301.7,298.05,299.39,764100
2016-10-06,301.5,304.88,300.09,301.32,1947300
2016-10-05,298.89,301.9,297.53,300.17,2022400
2016-10-04,299.0,300.5,294.6,297.13,2264800
2016-10-03,293.9,299.4,293.5,296.3,2415000
2016-09-30,287.9,293.4,283.55,291.25,2874100
2016-09-29,291.0,294.0,285.01,287.87,1023000
2016-09-28,293.5,293.75,289.51,291.36,491100
2016-09-27,294.9,296.0,291.0,292.21,1077100
2016-09-26,288.5,296.0,283.0,294.72,5057300
2016-09-23,297.0,297.8,284.25,286.73,3525000
2016-09-22,304.0,304.95,296.05,296.74,1364100
2016-09-21,312.0,312.5,306.12,308.3,914400
2016-09-20,305.6,316.0,303.03,311.29,1941700
2016-09-19,307.5,309.4,304.77,305.37,562800
2016-09-16,304.0,307.69,303.7,306.0,349200
2016-09-15,303.8,305.49,301.2,303.57,108100
